-- MySQL dump 10.13  Distrib 8.0.30, for Win64 (x86_64)
--
-- Host: database-2.cfsemal4p8qd.us-west-1.rds.amazonaws.com    Database: rb
-- ------------------------------------------------------
-- Server version	8.0.28

/*!40101 SET @OLD_CHARACTER_SET_CLIENT=@@CHARACTER_SET_CLIENT */;
/*!40101 SET @OLD_CHARACTER_SET_RESULTS=@@CHARACTER_SET_RESULTS */;
/*!40101 SET @OLD_COLLATION_CONNECTION=@@COLLATION_CONNECTION */;
/*!50503 SET NAMES utf8 */;
/*!40103 SET @OLD_TIME_ZONE=@@TIME_ZONE */;
/*!40103 SET TIME_ZONE='+00:00' */;
/*!40014 SET @OLD_UNIQUE_CHECKS=@@UNIQUE_CHECKS, UNIQUE_CHECKS=0 */;
/*!40014 SET @OLD_FOREIGN_KEY_CHECKS=@@FOREIGN_KEY_CHECKS, FOREIGN_KEY_CHECKS=0 */;
/*!40101 SET @OLD_SQL_MODE=@@SQL_MODE, SQL_MODE='NO_AUTO_VALUE_ON_ZERO' */;
/*!40111 SET @OLD_SQL_NOTES=@@SQL_NOTES, SQL_NOTES=0 */;

--
-- Table structure for table `infrAuth`
--

DROP TABLE IF EXISTS `infrAuth`;
/*!40101 SET @saved_cs_client     = @@character_set_client */;
/*!50503 SET character_set_client = utf8mb4 */;
CREATE TABLE `infrAuth` (
  `ifatSeq` bigint unsigned NOT NULL AUTO_INCREMENT,
  `ifatAdminNy` tinyint DEFAULT NULL,
  `ifatName` varchar(50) NOT NULL,
  `ifatNameEng` varchar(50) DEFAULT NULL,
  `ifatUseNy` tinyint DEFAULT NULL,
  `ifatOrder` tinyint DEFAULT NULL,
  `ifatDesc` varchar(255) DEFAULT NULL,
  `ifatDelNy` tinyint NOT NULL,
  `regIp` varchar(100) DEFAULT NULL,
  `regSeq` bigint DEFAULT NULL,
  `regDevice` tinyint DEFAULT NULL,
  `regDateTime` datetime DEFAULT NULL,
  `regDateTimeSvr` datetime DEFAULT NULL,
  `modIp` varchar(100) DEFAULT NULL,
  `modSeq` bigint DEFAULT NULL,
  `modDevice` tinyint DEFAULT NULL,
  `modDateTime` datetime DEFAULT NULL,
  `modDateTimeSvr` datetime DEFAULT NULL,
  PRIMARY KEY (`ifatSeq`)
) ENGINE=InnoDB DEFAULT CHARSET=utf8mb3;
/*!40101 SET character_set_client = @saved_cs_client */;

--
-- Dumping data for table `infrAuth`
--

LOCK TABLES `infrAuth` WRITE;
/*!40000 ALTER TABLE `infrAuth` DISABLE KEYS */;
/*!40000 ALTER TABLE `infrAuth` ENABLE KEYS */;
UNLOCK TABLES;

--
-- Table structure for table `infrAuthMember`
--

DROP TABLE IF EXISTS `infrAuthMember`;
/*!40101 SET @saved_cs_client     = @@character_set_client */;
/*!50503 SET character_set_client = utf8mb4 */;
CREATE TABLE `infrAuthMember` (
  `ifamSeq` bigint unsigned NOT NULL AUTO_INCREMENT,
  `ifamDefaultNy` tinyint DEFAULT NULL,
  `ifamUseNy` tinyint DEFAULT NULL,
  `ifamOrder` tinyint DEFAULT NULL,
  `ifamDesc` varchar(255) DEFAULT NULL,
  `ifamDelNy` tinyint NOT NULL,
  `regIp` varchar(100) DEFAULT NULL,
  `regSeq` bigint DEFAULT NULL,
  `regDevice` tinyint DEFAULT NULL,
  `regDateTime` datetime DEFAULT NULL,
  `regDateTimeSvr` datetime DEFAULT NULL,
  `modIp` varchar(100) DEFAULT NULL,
  `modSeq` bigint DEFAULT NULL,
  `modDevice` tinyint DEFAULT NULL,
  `modDateTime` datetime DEFAULT NULL,
  `modDateTimeSvr` datetime DEFAULT NULL,
  `ifatSeq` bigint unsigned NOT NULL,
  `ifmmSeq` bigint unsigned NOT NULL,
  PRIMARY KEY (`ifamSeq`),
  KEY `fk_infrAuthMember_infrAuth1_idx` (`ifatSeq`),
  KEY `fk_infrAuthMember_infrMember1_idx` (`ifmmSeq`),
  CONSTRAINT `fk_infrAuthMember_infrAuth1` FOREIGN KEY (`ifatSeq`) REFERENCES `infrAuth` (`ifatSeq`),
  CONSTRAINT `fk_infrAuthMember_infrMember1` FOREIGN KEY (`ifmmSeq`) REFERENCES `infrMember` (`ifmmSeq`)
) ENGINE=InnoDB DEFAULT CHARSET=utf8mb3;
/*!40101 SET character_set_client = @saved_cs_client */;

--
-- Dumping data for table `infrAuthMember`
--

LOCK TABLES `infrAuthMember` WRITE;
/*!40000 ALTER TABLE `infrAuthMember` DISABLE KEYS */;
/*!40000 ALTER TABLE `infrAuthMember` ENABLE KEYS */;
UNLOCK TABLES;

--
-- Table structure for table `infrAuthMenu`
--

DROP TABLE IF EXISTS `infrAuthMenu`;
/*!40101 SET @saved_cs_client     = @@character_set_client */;
/*!50503 SET character_set_client = utf8mb4 */;
CREATE TABLE `infrAuthMenu` (
  `ifauSeq` bigint unsigned NOT NULL AUTO_INCREMENT,
  `ifauRoleCd` bigint DEFAULT NULL COMMENT '관리, 조회\n목록, 등록, 수정, 삭제, 조회',
  `ifauUseNy` tinyint DEFAULT NULL,
  `ifauOrder` tinyint DEFAULT NULL,
  `ifauDesc` varchar(255) DEFAULT NULL,
  `ifauDelNy` tinyint NOT NULL,
  `regIp` varchar(100) DEFAULT NULL,
  `regSeq` bigint DEFAULT NULL,
  `regDevice` tinyint DEFAULT NULL,
  `regDateTime` datetime DEFAULT NULL,
  `regDateTimeSvr` datetime DEFAULT NULL,
  `modIp` varchar(100) DEFAULT NULL,
  `modSeq` bigint DEFAULT NULL,
  `modDevice` tinyint DEFAULT NULL,
  `modDateTime` datetime DEFAULT NULL,
  `modDateTimeSvr` datetime DEFAULT NULL,
  `ifatSeq` bigint unsigned NOT NULL,
  `ifmuSeq` bigint unsigned NOT NULL,
  PRIMARY KEY (`ifauSeq`),
  KEY `fk_infrAuthMenu_infrAuth1_idx` (`ifatSeq`),
  KEY `fk_infrAuthMenu_infrMenu1_idx` (`ifmuSeq`),
  CONSTRAINT `fk_infrAuthMenu_infrAuth1` FOREIGN KEY (`ifatSeq`) REFERENCES `infrAuth` (`ifatSeq`),
  CONSTRAINT `fk_infrAuthMenu_infrMenu1` FOREIGN KEY (`ifmuSeq`) REFERENCES `infrMenu` (`ifmuSeq`)
) ENGINE=InnoDB DEFAULT CHARSET=utf8mb3;
/*!40101 SET character_set_client = @saved_cs_client */;

--
-- Dumping data for table `infrAuthMenu`
--

LOCK TABLES `infrAuthMenu` WRITE;
/*!40000 ALTER TABLE `infrAuthMenu` DISABLE KEYS */;
/*!40000 ALTER TABLE `infrAuthMenu` ENABLE KEYS */;
UNLOCK TABLES;

--
-- Table structure for table `infrCode`
--

DROP TABLE IF EXISTS `infrCode`;
/*!40101 SET @saved_cs_client     = @@character_set_client */;
/*!50503 SET character_set_client = utf8mb4 */;
CREATE TABLE `infrCode` (
  `ifcdSeq` bigint unsigned NOT NULL AUTO_INCREMENT,
  `ifcdSeqAnother` varchar(50) DEFAULT NULL,
  `ifcdName` varchar(50) NOT NULL,
  `ifcdNameEng` varchar(50) DEFAULT NULL,
  `ifcdNameLang1` varchar(50) DEFAULT NULL,
  `ifcdNameLang2` varchar(50) DEFAULT NULL,
  `ifcdNameLang3` varchar(50) DEFAULT NULL,
  `ifcdNameLang4` varchar(50) DEFAULT NULL,
  `ifcdNameLang5` varchar(50) DEFAULT NULL,
  `ifcdUseNy` tinyint DEFAULT NULL,
  `ifcdOrder` tinyint DEFAULT NULL,
  `ifcdReferenceV1` varchar(50) DEFAULT NULL,
  `ifcdReferenceV2` varchar(50) DEFAULT NULL,
  `ifcdReferenceV3` varchar(50) DEFAULT NULL,
  `ifcdReferenceI1` int DEFAULT NULL,
  `ifcdReferenceI2` int DEFAULT NULL,
  `ifcdReferenceI3` int DEFAULT NULL,
  `ifcdDesc` varchar(255) DEFAULT NULL,
  `ifcdOriginalFileName` varchar(100) DEFAULT NULL,
  `ifcdUuidFileName` varchar(100) DEFAULT NULL,
  `ifcdDelNy` tinyint NOT NULL,
  `regIp` varchar(100) DEFAULT NULL,
  `regSeq` bigint DEFAULT NULL,
  `regDevice` tinyint DEFAULT NULL,
  `regDateTime` datetime DEFAULT NULL,
  `regDateTimeSvr` datetime DEFAULT NULL,
  `modIp` varchar(100) DEFAULT NULL,
  `modSeq` bigint DEFAULT NULL,
  `modDevice` tinyint DEFAULT NULL,
  `modDateTime` datetime DEFAULT NULL,
  `modDateTimeSvr` datetime DEFAULT NULL,
  `ifcgseq` bigint unsigned NOT NULL,
  PRIMARY KEY (`ifcdSeq`,`ifcgseq`),
  KEY `fk_infrCode_infrCodeGroup_idx` (`ifcgseq`),
  CONSTRAINT `fk_infrCode_infrCodeGroup` FOREIGN KEY (`ifcgseq`) REFERENCES `infrCodeGroup` (`ifcgSeq`)
) ENGINE=InnoDB AUTO_INCREMENT=153 DEFAULT CHARSET=utf8mb3;
/*!40101 SET character_set_client = @saved_cs_client */;

--
-- Dumping data for table `infrCode`
--

LOCK TABLES `infrCode` WRITE;
/*!40000 ALTER TABLE `infrCode` DISABLE KEYS */;
INSERT INTO `infrCode` VALUES (1,NULL,'관리',NULL,NULL,NULL,NULL,NULL,NULL,1,1,NULL,NULL,NULL,NULL,NULL,NULL,NULL,NULL,NULL,0,NULL,NULL,NULL,'2022-02-08 15:16:35','2022-02-08 15:16:35',NULL,NULL,NULL,'2022-02-08 15:16:35','2022-02-08 15:16:35',1),(2,NULL,'조회',NULL,NULL,NULL,NULL,NULL,NULL,1,2,NULL,NULL,NULL,NULL,NULL,NULL,NULL,NULL,NULL,0,NULL,NULL,NULL,'2022-02-08 15:16:53','2022-02-08 15:16:53',NULL,NULL,NULL,'2022-02-08 15:16:53','2022-02-08 15:16:53',1),(3,NULL,'남성',NULL,NULL,NULL,NULL,NULL,NULL,1,1,NULL,NULL,NULL,NULL,NULL,NULL,NULL,NULL,NULL,0,NULL,NULL,NULL,'2022-02-08 15:43:15','2022-02-08 15:43:15',NULL,NULL,NULL,'2022-02-08 15:43:15','2022-02-08 15:43:15',2),(4,NULL,'여성',NULL,NULL,NULL,NULL,NULL,NULL,1,2,NULL,NULL,NULL,NULL,NULL,NULL,NULL,NULL,NULL,0,NULL,NULL,NULL,'2022-02-08 15:43:21','2022-02-08 15:43:21',NULL,NULL,NULL,'2022-02-08 15:43:21','2022-02-08 15:43:21',2),(5,NULL,'1년',NULL,NULL,NULL,NULL,NULL,NULL,1,1,NULL,NULL,NULL,NULL,NULL,NULL,NULL,NULL,NULL,0,NULL,NULL,NULL,'2022-02-08 15:43:32','2022-02-08 15:43:32',NULL,NULL,NULL,'2022-02-08 15:43:32','2022-02-08 15:43:32',3),(6,NULL,'2년',NULL,NULL,NULL,NULL,NULL,NULL,1,2,NULL,NULL,NULL,NULL,NULL,NULL,NULL,NULL,NULL,0,NULL,NULL,NULL,'2022-02-08 15:43:38','2022-02-08 15:43:38',NULL,NULL,NULL,'2022-02-08 15:43:38','2022-02-08 15:43:38',3),(7,NULL,'3년',NULL,NULL,NULL,NULL,NULL,NULL,1,3,NULL,NULL,NULL,NULL,NULL,NULL,NULL,NULL,NULL,0,NULL,NULL,NULL,'2022-02-08 15:43:43','2022-02-08 15:43:43',NULL,NULL,NULL,'2022-02-08 15:43:43','2022-02-08 15:43:43',3),(8,NULL,'5년',NULL,NULL,NULL,NULL,NULL,NULL,1,4,NULL,NULL,NULL,NULL,NULL,NULL,NULL,NULL,NULL,0,NULL,NULL,NULL,'2022-02-08 15:43:47','2022-02-08 15:43:47',NULL,NULL,NULL,'2022-02-08 15:43:47','2022-02-08 15:43:47',3),(9,NULL,'10년',NULL,NULL,NULL,NULL,NULL,NULL,1,5,NULL,NULL,NULL,NULL,NULL,NULL,NULL,NULL,NULL,0,NULL,NULL,NULL,'2022-02-08 15:43:52','2022-02-08 15:43:52',NULL,NULL,NULL,'2022-02-08 15:43:52','2022-02-08 15:43:52',3),(10,NULL,'탈퇴시',NULL,NULL,NULL,NULL,NULL,NULL,1,6,NULL,NULL,NULL,NULL,NULL,NULL,NULL,NULL,NULL,0,NULL,NULL,NULL,'2022-02-08 15:44:02','2022-02-08 15:44:02',NULL,NULL,NULL,'2022-02-08 15:44:02','2022-02-08 15:44:02',3),(11,NULL,'미혼',NULL,NULL,NULL,NULL,NULL,NULL,1,1,NULL,NULL,NULL,NULL,NULL,NULL,NULL,NULL,NULL,0,NULL,NULL,NULL,'2022-02-08 15:44:12','2022-02-08 15:44:12',NULL,NULL,NULL,'2022-02-08 15:44:12','2022-02-08 15:44:12',4),(12,NULL,'기혼',NULL,NULL,NULL,NULL,NULL,NULL,1,2,NULL,NULL,NULL,NULL,NULL,NULL,NULL,NULL,NULL,0,NULL,NULL,NULL,'2022-02-08 15:44:18','2022-02-08 15:44:18',NULL,NULL,NULL,'2022-02-08 15:44:18','2022-02-08 15:44:18',4),(13,NULL,'개인',NULL,NULL,NULL,NULL,NULL,NULL,1,1,NULL,NULL,NULL,NULL,NULL,NULL,NULL,NULL,NULL,0,NULL,NULL,NULL,'2022-02-08 15:44:26','2022-02-08 15:44:26',NULL,NULL,NULL,'2022-02-08 15:44:26','2022-02-08 15:44:26',5),(14,NULL,'회사',NULL,NULL,NULL,NULL,NULL,NULL,1,2,NULL,NULL,NULL,NULL,NULL,NULL,NULL,NULL,NULL,0,NULL,NULL,NULL,'2022-02-08 15:44:31','2022-02-08 15:44:31',NULL,NULL,NULL,'2022-02-08 15:44:31','2022-02-08 15:44:31',5),(15,NULL,'기타',NULL,NULL,NULL,NULL,NULL,NULL,1,3,NULL,NULL,NULL,NULL,NULL,NULL,NULL,NULL,NULL,0,NULL,NULL,NULL,'2022-02-08 15:44:35','2022-02-08 15:44:35',NULL,NULL,NULL,'2022-02-08 15:44:35','2022-02-08 15:44:35',5),(16,NULL,'naver.com',NULL,NULL,NULL,NULL,NULL,NULL,1,1,NULL,NULL,NULL,NULL,NULL,NULL,NULL,NULL,NULL,0,NULL,NULL,NULL,'2022-02-08 15:44:48','2022-02-08 15:44:48',NULL,NULL,NULL,'2022-02-08 15:44:48','2022-02-08 15:44:48',6),(17,NULL,'daum.net',NULL,NULL,NULL,NULL,NULL,NULL,1,2,NULL,NULL,NULL,NULL,NULL,NULL,NULL,NULL,NULL,0,NULL,NULL,NULL,'2022-02-08 15:44:59','2022-02-08 15:44:59',NULL,NULL,NULL,'2022-02-08 15:44:59','2022-02-08 15:44:59',6),(18,NULL,'gmail.com',NULL,NULL,NULL,NULL,NULL,NULL,1,3,NULL,NULL,NULL,NULL,NULL,NULL,NULL,NULL,NULL,0,NULL,NULL,NULL,'2022-02-08 15:45:08','2022-02-08 15:45:08',NULL,NULL,NULL,'2022-02-08 15:45:08','2022-02-08 15:45:08',6),(19,NULL,'직접입력',NULL,NULL,NULL,NULL,NULL,NULL,1,4,NULL,NULL,NULL,NULL,NULL,NULL,NULL,NULL,NULL,0,NULL,NULL,NULL,'2022-02-08 15:45:20','2022-02-08 15:45:20',NULL,NULL,NULL,'2022-02-08 15:45:20','2022-02-08 15:45:20',6),(21,NULL,'개인',NULL,NULL,NULL,NULL,NULL,NULL,1,1,NULL,NULL,NULL,NULL,NULL,NULL,NULL,NULL,NULL,0,NULL,NULL,NULL,'2022-02-08 15:46:03','2022-02-08 15:46:03',NULL,NULL,NULL,'2022-02-08 15:46:03','2022-02-08 15:46:03',7),(22,NULL,'회사',NULL,NULL,NULL,NULL,NULL,NULL,1,3,NULL,NULL,NULL,NULL,NULL,NULL,NULL,NULL,NULL,0,NULL,NULL,NULL,'2022-02-08 15:46:10','2022-02-08 15:46:10',NULL,NULL,NULL,'2022-02-08 15:46:10','2022-02-08 15:46:10',7),(23,NULL,'기타',NULL,NULL,NULL,NULL,NULL,NULL,1,4,NULL,NULL,NULL,NULL,NULL,NULL,NULL,NULL,NULL,0,NULL,NULL,NULL,'2022-02-08 15:46:18','2022-02-08 15:46:18',NULL,NULL,NULL,'2022-02-08 15:46:18','2022-02-08 15:46:18',7),(24,NULL,'전화',NULL,NULL,NULL,NULL,NULL,NULL,1,1,NULL,NULL,NULL,NULL,NULL,NULL,NULL,NULL,NULL,0,NULL,NULL,NULL,'2022-02-08 15:46:29','2022-02-08 15:46:29',NULL,NULL,NULL,'2022-02-08 15:46:29','2022-02-08 15:46:29',8),(25,NULL,'모바일',NULL,NULL,NULL,NULL,NULL,NULL,1,2,NULL,NULL,NULL,NULL,NULL,NULL,NULL,NULL,NULL,0,NULL,NULL,NULL,'2022-02-08 15:46:34','2022-02-08 15:46:34',NULL,NULL,NULL,'2022-02-08 15:46:34','2022-02-08 15:46:34',8),(26,NULL,'팩스',NULL,NULL,NULL,NULL,NULL,NULL,1,3,NULL,NULL,NULL,NULL,NULL,NULL,NULL,NULL,NULL,0,NULL,NULL,NULL,'2022-02-08 15:46:39','2022-02-08 15:46:39',NULL,NULL,NULL,'2022-02-08 15:46:39','2022-02-08 15:46:39',8),(27,NULL,'기타',NULL,NULL,NULL,NULL,NULL,NULL,1,4,NULL,NULL,NULL,NULL,NULL,NULL,NULL,NULL,NULL,0,NULL,NULL,NULL,'2022-02-08 15:46:44','2022-02-08 15:46:44',NULL,NULL,NULL,'2022-02-08 15:46:44','2022-02-08 15:46:44',8),(28,NULL,'SKT',NULL,NULL,NULL,NULL,NULL,NULL,1,1,NULL,NULL,NULL,NULL,NULL,NULL,NULL,NULL,NULL,0,NULL,NULL,NULL,'2022-02-08 15:46:53','2022-02-08 15:46:53',NULL,NULL,NULL,'2022-02-08 15:46:53','2022-02-08 15:46:53',9),(29,NULL,'KT',NULL,NULL,NULL,NULL,NULL,NULL,1,2,NULL,NULL,NULL,NULL,NULL,NULL,NULL,NULL,NULL,0,NULL,NULL,NULL,'2022-02-08 15:46:58','2022-02-08 15:46:58',NULL,NULL,NULL,'2022-02-08 15:46:58','2022-02-08 15:46:58',9),(30,NULL,'LGU',NULL,NULL,NULL,NULL,NULL,NULL,1,3,NULL,NULL,NULL,NULL,NULL,NULL,NULL,NULL,NULL,0,NULL,NULL,NULL,'2022-02-08 15:47:24','2022-02-08 15:47:24',NULL,NULL,NULL,'2022-02-08 15:47:24','2022-02-08 15:47:24',9),(31,NULL,'기타',NULL,NULL,NULL,NULL,NULL,NULL,1,4,NULL,NULL,NULL,NULL,NULL,NULL,NULL,NULL,NULL,0,NULL,NULL,NULL,'2022-02-08 15:47:31','2022-02-08 15:47:31',NULL,NULL,NULL,'2022-02-08 15:47:31','2022-02-08 15:47:31',9),(32,NULL,'홈페이지',NULL,NULL,NULL,NULL,NULL,NULL,1,1,NULL,NULL,NULL,NULL,NULL,NULL,NULL,NULL,NULL,0,NULL,NULL,NULL,'2022-02-08 15:47:44','2022-02-08 15:47:44',NULL,NULL,NULL,'2022-02-08 15:47:44','2022-02-08 15:47:44',10),(33,NULL,'sns',NULL,NULL,NULL,NULL,NULL,NULL,1,2,NULL,NULL,NULL,NULL,NULL,NULL,NULL,NULL,NULL,0,NULL,NULL,NULL,'2022-02-08 15:47:55','2022-02-08 15:47:55',NULL,NULL,NULL,'2022-02-08 15:47:55','2022-02-08 15:47:55',10),(34,NULL,'페이스북',NULL,NULL,NULL,NULL,NULL,NULL,1,1,NULL,NULL,NULL,NULL,NULL,NULL,NULL,NULL,NULL,0,NULL,NULL,NULL,'2022-02-08 15:48:10','2022-02-08 15:48:10',NULL,NULL,NULL,'2022-02-08 15:48:10','2022-02-08 15:48:10',11),(35,NULL,'인스타그램',NULL,NULL,NULL,NULL,NULL,NULL,1,2,NULL,NULL,NULL,NULL,NULL,NULL,NULL,NULL,NULL,0,NULL,NULL,NULL,'2022-02-08 15:48:16','2022-02-08 15:48:16',NULL,NULL,NULL,'2022-02-08 15:48:16','2022-02-08 15:48:16',11),(36,NULL,'트위터',NULL,NULL,NULL,NULL,NULL,NULL,1,3,NULL,NULL,NULL,NULL,NULL,NULL,NULL,NULL,NULL,0,NULL,NULL,NULL,'2022-02-08 15:48:22','2022-02-08 15:48:22',NULL,NULL,NULL,'2022-02-08 15:48:22','2022-02-08 15:48:22',11),(37,NULL,'카톡',NULL,NULL,NULL,NULL,NULL,NULL,1,4,NULL,NULL,NULL,NULL,NULL,NULL,NULL,NULL,NULL,0,NULL,NULL,NULL,'2022-02-08 15:48:26','2022-02-08 15:48:26',NULL,NULL,NULL,'2022-02-08 15:48:26','2022-02-08 15:48:26',11),(38,NULL,'독서',NULL,NULL,NULL,NULL,NULL,NULL,1,1,NULL,NULL,NULL,NULL,NULL,NULL,NULL,NULL,NULL,0,NULL,NULL,NULL,'2022-02-08 15:49:34','2022-02-08 15:49:34',NULL,NULL,NULL,'2022-02-08 15:49:34','2022-02-08 15:49:34',12),(39,NULL,'걷기',NULL,NULL,NULL,NULL,NULL,NULL,1,2,NULL,NULL,NULL,NULL,NULL,NULL,NULL,NULL,NULL,0,NULL,NULL,NULL,'2022-02-08 15:49:42','2022-02-08 15:49:42',NULL,NULL,NULL,'2022-02-08 15:49:42','2022-02-08 15:49:42',12),(40,NULL,'달리기',NULL,NULL,NULL,NULL,NULL,NULL,1,3,NULL,NULL,NULL,NULL,NULL,NULL,NULL,NULL,NULL,0,NULL,NULL,NULL,'2022-02-08 15:49:47','2022-02-08 15:49:47',NULL,NULL,NULL,'2022-02-08 15:49:47','2022-02-08 15:49:47',12),(41,NULL,'자전거타기',NULL,NULL,NULL,NULL,NULL,NULL,1,4,NULL,NULL,NULL,NULL,NULL,NULL,NULL,NULL,NULL,0,NULL,NULL,NULL,'2022-02-08 15:49:53','2022-02-08 15:49:53',NULL,NULL,NULL,'2022-02-08 15:49:53','2022-02-08 15:49:53',12),(42,NULL,'뜨개질',NULL,NULL,NULL,NULL,NULL,NULL,1,5,NULL,NULL,NULL,NULL,NULL,NULL,NULL,NULL,NULL,0,NULL,NULL,NULL,'2022-02-08 15:50:45','2022-02-08 15:50:45',NULL,NULL,NULL,'2022-02-08 15:50:45','2022-02-08 15:50:45',12),(43,NULL,'종이접기',NULL,NULL,NULL,NULL,NULL,NULL,1,6,NULL,NULL,NULL,NULL,NULL,NULL,NULL,NULL,NULL,0,NULL,NULL,NULL,'2022-02-08 15:51:02','2022-02-08 15:51:02',NULL,NULL,NULL,'2022-02-08 15:51:02','2022-02-08 15:51:02',12),(44,NULL,'조각하기',NULL,NULL,NULL,NULL,NULL,NULL,1,7,NULL,NULL,NULL,NULL,NULL,NULL,NULL,NULL,NULL,0,NULL,NULL,NULL,'2022-02-08 15:51:11','2022-02-08 15:51:11',NULL,NULL,NULL,'2022-02-08 15:51:11','2022-02-08 15:51:11',12),(45,NULL,'수영',NULL,NULL,NULL,NULL,NULL,NULL,1,8,NULL,NULL,NULL,NULL,NULL,NULL,NULL,NULL,NULL,0,NULL,NULL,NULL,'2022-02-08 15:51:15','2022-02-08 15:51:15',NULL,NULL,NULL,'2022-02-08 15:51:15','2022-02-08 15:51:15',12),(46,NULL,'스키',NULL,NULL,NULL,NULL,NULL,NULL,1,9,NULL,NULL,NULL,NULL,NULL,NULL,NULL,NULL,NULL,0,NULL,NULL,NULL,'2022-02-08 15:51:20','2022-02-08 15:51:20',NULL,NULL,NULL,'2022-02-08 15:51:20','2022-02-08 15:51:20',12),(47,NULL,'스카이다이빙',NULL,NULL,NULL,NULL,NULL,NULL,1,10,NULL,NULL,NULL,NULL,NULL,NULL,NULL,NULL,NULL,0,NULL,NULL,NULL,'2022-02-08 15:51:36','2022-02-08 15:51:36',NULL,NULL,NULL,'2022-02-08 15:51:36','2022-02-08 15:51:36',12),(48,NULL,'게임',NULL,NULL,NULL,NULL,NULL,NULL,1,11,NULL,NULL,NULL,NULL,NULL,NULL,NULL,NULL,NULL,0,NULL,NULL,NULL,'2022-02-08 15:51:47','2022-02-08 15:51:47',NULL,NULL,NULL,'2022-02-08 15:51:47','2022-02-08 15:51:47',12),(49,NULL,'바둑',NULL,NULL,NULL,NULL,NULL,NULL,1,12,NULL,NULL,NULL,NULL,NULL,NULL,NULL,NULL,NULL,0,NULL,NULL,NULL,'2022-02-08 15:51:51','2022-02-08 15:51:51',NULL,NULL,NULL,'2022-02-08 15:51:51','2022-02-08 15:51:51',12),(50,NULL,'피아노연주',NULL,NULL,NULL,NULL,NULL,NULL,1,13,NULL,NULL,NULL,NULL,NULL,NULL,NULL,NULL,NULL,0,NULL,NULL,NULL,'2022-02-08 15:51:56','2022-02-08 15:51:56',NULL,NULL,NULL,'2022-02-08 15:51:56','2022-02-08 15:51:56',12),(51,NULL,'기타연주',NULL,NULL,NULL,NULL,NULL,NULL,1,14,NULL,NULL,NULL,NULL,NULL,NULL,NULL,NULL,NULL,0,NULL,NULL,NULL,'2022-02-08 15:52:01','2022-02-08 15:52:01',NULL,NULL,NULL,'2022-02-08 15:52:01','2022-02-08 15:52:01',12),(52,NULL,'바이올린연주',NULL,NULL,NULL,NULL,NULL,NULL,1,15,NULL,NULL,NULL,NULL,NULL,NULL,NULL,NULL,NULL,0,NULL,NULL,NULL,'2022-02-08 15:52:06','2022-02-08 15:52:06',NULL,NULL,NULL,'2022-02-08 15:52:06','2022-02-08 15:52:06',12),(53,NULL,'그림그리기',NULL,NULL,NULL,NULL,NULL,NULL,1,16,NULL,NULL,NULL,NULL,NULL,NULL,NULL,NULL,NULL,0,NULL,NULL,NULL,'2022-02-08 15:52:17','2022-02-08 15:52:17',NULL,NULL,NULL,'2022-02-08 15:52:17','2022-02-08 15:52:17',12),(54,NULL,'글쓰기',NULL,NULL,NULL,NULL,NULL,NULL,1,17,NULL,NULL,NULL,NULL,NULL,NULL,NULL,NULL,NULL,0,NULL,NULL,NULL,'2022-02-08 15:52:37','2022-02-08 15:52:37',NULL,NULL,NULL,'2022-02-08 15:52:37','2022-02-08 15:52:37',12),(55,NULL,'요가',NULL,NULL,NULL,NULL,NULL,NULL,1,18,NULL,NULL,NULL,NULL,NULL,NULL,NULL,NULL,NULL,0,NULL,NULL,NULL,'2022-02-08 15:52:47','2022-02-08 15:52:47',NULL,NULL,NULL,'2022-02-08 15:52:47','2022-02-08 15:52:47',12),(56,NULL,'명상',NULL,NULL,NULL,NULL,NULL,NULL,1,19,NULL,NULL,NULL,NULL,NULL,NULL,NULL,NULL,NULL,0,NULL,NULL,NULL,'2022-02-08 15:52:51','2022-02-08 15:52:51',NULL,NULL,NULL,'2022-02-08 15:52:51','2022-02-08 15:52:51',12),(57,NULL,'티비보기',NULL,NULL,NULL,NULL,NULL,NULL,1,20,NULL,NULL,NULL,NULL,NULL,NULL,NULL,NULL,NULL,0,NULL,NULL,NULL,'2022-02-08 15:53:34','2022-02-08 15:53:34',NULL,NULL,NULL,'2022-02-08 15:53:34','2022-02-08 15:53:34',12),(58,NULL,'개인',NULL,NULL,NULL,NULL,NULL,NULL,1,1,NULL,NULL,NULL,NULL,NULL,NULL,NULL,NULL,NULL,0,NULL,NULL,NULL,'2022-02-08 15:53:54','2022-02-08 15:53:54',NULL,NULL,NULL,'2022-02-08 15:53:54','2022-02-08 15:53:54',13),(59,NULL,'회사',NULL,NULL,NULL,NULL,NULL,NULL,1,2,NULL,NULL,NULL,NULL,NULL,NULL,NULL,NULL,NULL,0,NULL,NULL,NULL,'2022-02-08 15:53:58','2022-02-08 15:53:58',NULL,NULL,NULL,'2022-02-08 15:53:58','2022-02-08 15:53:58',13),(60,NULL,'기타',NULL,NULL,NULL,NULL,NULL,NULL,1,3,NULL,NULL,NULL,NULL,NULL,NULL,NULL,NULL,NULL,0,NULL,NULL,NULL,'2022-02-08 15:54:01','2022-02-08 15:54:01',NULL,NULL,NULL,'2022-02-08 15:54:01','2022-02-08 15:54:01',13),(61,NULL,'내가 태어난 병원은?',NULL,NULL,NULL,NULL,NULL,NULL,1,1,NULL,NULL,NULL,NULL,NULL,NULL,NULL,NULL,NULL,0,NULL,NULL,NULL,'2022-02-08 15:54:19','2022-02-08 15:54:19',NULL,NULL,NULL,'2022-02-08 15:54:19','2022-02-08 15:54:19',14),(62,NULL,'내가 졸업한 초등학교는?',NULL,NULL,NULL,NULL,NULL,NULL,1,2,NULL,NULL,NULL,NULL,NULL,NULL,NULL,NULL,NULL,0,NULL,NULL,NULL,'2022-02-08 15:54:26','2022-02-08 15:54:26',NULL,NULL,NULL,'2022-02-08 15:54:26','2022-02-08 15:54:26',14),(63,NULL,'가장 친한 친구는?',NULL,NULL,NULL,NULL,NULL,NULL,1,3,NULL,NULL,NULL,NULL,NULL,NULL,NULL,NULL,NULL,0,NULL,NULL,NULL,'2022-02-08 15:54:32','2022-02-08 15:54:32',NULL,NULL,NULL,'2022-02-08 15:54:32','2022-02-08 15:54:32',14),(65,NULL,'아버지 성함은?',NULL,NULL,NULL,NULL,NULL,NULL,1,4,NULL,NULL,NULL,NULL,NULL,NULL,NULL,NULL,NULL,0,NULL,NULL,NULL,'2022-02-08 15:55:32','2022-02-08 15:55:32',NULL,NULL,NULL,'2022-02-08 15:55:32','2022-02-08 15:55:32',14),(66,NULL,'존경하는 인물은?',NULL,NULL,NULL,NULL,NULL,NULL,1,5,NULL,NULL,NULL,NULL,NULL,NULL,NULL,NULL,NULL,0,NULL,NULL,NULL,'2022-02-08 15:55:46','2022-02-08 15:55:46',NULL,NULL,NULL,'2022-02-25 16:20:01','2022-02-25 16:20:01',14),(67,NULL,'새상품',NULL,NULL,NULL,NULL,NULL,NULL,1,1,NULL,NULL,NULL,NULL,NULL,NULL,NULL,NULL,NULL,0,NULL,NULL,NULL,'2022-02-25 16:19:53','2022-02-25 16:19:53',NULL,NULL,NULL,'2022-02-25 16:20:28','2022-02-25 16:20:28',16),(68,NULL,'중고상품',NULL,NULL,NULL,NULL,NULL,NULL,1,2,NULL,NULL,NULL,NULL,NULL,NULL,NULL,NULL,NULL,0,NULL,NULL,NULL,'2022-02-25 16:20:28','2022-02-25 16:20:28',NULL,NULL,NULL,'2022-02-25 16:20:28','2022-02-25 16:20:28',16),(69,NULL,'HACCP',NULL,NULL,NULL,NULL,NULL,NULL,1,1,NULL,NULL,NULL,NULL,NULL,NULL,NULL,NULL,NULL,0,NULL,NULL,NULL,'2022-02-25 16:22:09','2022-02-25 16:22:09',NULL,NULL,NULL,'2022-02-25 16:22:09','2022-02-25 16:22:09',17),(70,NULL,'KS마크',NULL,NULL,NULL,NULL,NULL,NULL,1,2,NULL,NULL,NULL,NULL,NULL,NULL,NULL,NULL,NULL,0,NULL,NULL,NULL,'2022-02-25 16:22:09','2022-02-25 16:22:09',NULL,NULL,NULL,'2022-02-25 16:22:09','2022-02-25 16:22:09',17),(71,NULL,'Q마크',NULL,NULL,NULL,NULL,NULL,NULL,1,3,NULL,NULL,NULL,NULL,NULL,NULL,NULL,NULL,NULL,0,NULL,NULL,NULL,'2022-02-25 16:22:09','2022-02-25 16:22:09',NULL,NULL,NULL,'2022-02-25 16:22:09','2022-02-25 16:22:09',17),(72,NULL,'GD마크',NULL,NULL,NULL,NULL,NULL,NULL,1,4,NULL,NULL,NULL,NULL,NULL,NULL,NULL,NULL,NULL,0,NULL,NULL,NULL,'2022-02-25 16:23:15','2022-02-25 16:23:15',NULL,NULL,NULL,'2022-02-25 16:23:15','2022-02-25 16:23:15',17),(73,NULL,'환경마크',NULL,NULL,NULL,NULL,NULL,NULL,1,5,NULL,NULL,NULL,NULL,NULL,NULL,NULL,NULL,NULL,0,NULL,NULL,NULL,'2022-02-25 16:24:44','2022-02-25 16:24:44',NULL,NULL,NULL,'2022-02-25 16:24:44','2022-02-25 16:24:44',17),(74,NULL,'탄소배출량 인증',NULL,NULL,NULL,NULL,NULL,NULL,1,6,NULL,NULL,NULL,NULL,NULL,NULL,NULL,NULL,NULL,0,NULL,NULL,NULL,'2022-02-25 16:24:44','2022-02-25 16:24:44',NULL,NULL,NULL,'2022-02-25 16:24:44','2022-02-25 16:24:44',17),(75,NULL,'저탄소상품 인증',NULL,NULL,NULL,NULL,NULL,NULL,1,7,NULL,NULL,NULL,NULL,NULL,NULL,NULL,NULL,NULL,0,NULL,NULL,NULL,'2022-02-25 16:24:44','2022-02-25 16:24:44',NULL,NULL,NULL,'2022-02-25 16:24:44','2022-02-25 16:24:44',17),(76,NULL,'현대카드',NULL,NULL,NULL,NULL,NULL,NULL,1,1,NULL,NULL,NULL,NULL,NULL,NULL,NULL,NULL,NULL,0,NULL,NULL,NULL,'2022-02-25 16:27:15','2022-02-25 16:27:15',NULL,NULL,NULL,'2022-02-25 16:27:15','2022-02-25 16:27:15',18),(77,NULL,'삼성카드',NULL,NULL,NULL,NULL,NULL,NULL,1,2,NULL,NULL,NULL,NULL,NULL,NULL,NULL,NULL,NULL,0,NULL,NULL,NULL,'2022-02-25 16:27:15','2022-02-25 16:27:15',NULL,NULL,NULL,'2022-02-25 16:27:15','2022-02-25 16:27:15',18),(78,NULL,'롯데카드',NULL,NULL,NULL,NULL,NULL,NULL,1,3,NULL,NULL,NULL,NULL,NULL,NULL,NULL,NULL,NULL,0,NULL,NULL,NULL,'2022-02-25 16:27:15','2022-02-25 16:27:15',NULL,NULL,NULL,'2022-02-25 16:27:15','2022-02-25 16:27:15',18),(79,NULL,'비씨카드',NULL,NULL,NULL,NULL,NULL,NULL,1,4,NULL,NULL,NULL,NULL,NULL,NULL,NULL,NULL,NULL,0,NULL,NULL,NULL,'2022-02-25 16:27:15','2022-02-25 16:27:15',NULL,NULL,NULL,'2022-02-25 16:27:15','2022-02-25 16:27:15',18),(80,NULL,'결제완료',NULL,NULL,NULL,NULL,NULL,NULL,1,2,NULL,NULL,NULL,NULL,NULL,NULL,NULL,NULL,NULL,0,NULL,NULL,NULL,'2022-02-25 17:17:01','2022-02-25 17:17:01',NULL,NULL,NULL,'2022-02-25 17:17:01','2022-02-25 17:17:01',19),(81,NULL,'배송준비',NULL,NULL,NULL,NULL,NULL,NULL,1,3,NULL,NULL,NULL,NULL,NULL,NULL,NULL,NULL,NULL,0,NULL,NULL,NULL,'2022-02-25 17:17:01','2022-02-25 17:17:01',NULL,NULL,NULL,'2022-02-25 17:17:01','2022-02-25 17:17:01',19),(82,NULL,'배송중',NULL,NULL,NULL,NULL,NULL,NULL,1,4,NULL,NULL,NULL,NULL,NULL,NULL,NULL,NULL,NULL,0,NULL,NULL,NULL,'2022-02-25 17:17:01','2022-02-25 17:17:01',NULL,NULL,NULL,'2022-02-25 17:17:01','2022-02-25 17:17:01',19),(83,NULL,'배송완료',NULL,NULL,NULL,NULL,NULL,NULL,1,5,NULL,NULL,NULL,NULL,NULL,NULL,NULL,NULL,NULL,0,NULL,NULL,NULL,'2022-02-25 17:17:01','2022-02-25 17:17:01',NULL,NULL,NULL,'2022-02-25 17:17:01','2022-02-25 17:17:01',19),(84,NULL,'주문완료',NULL,NULL,NULL,NULL,NULL,NULL,1,1,NULL,NULL,NULL,NULL,NULL,NULL,NULL,NULL,NULL,0,NULL,NULL,NULL,'2022-02-25 17:17:01','2022-02-25 17:17:01',NULL,NULL,NULL,'2022-02-25 17:17:01','2022-02-25 17:17:01',19),(85,NULL,'구매확정',NULL,NULL,NULL,NULL,NULL,NULL,1,6,NULL,NULL,NULL,NULL,NULL,NULL,NULL,NULL,NULL,0,NULL,NULL,NULL,'2022-02-25 17:17:01','2022-02-25 17:17:01',NULL,NULL,NULL,'2022-02-25 17:17:01','2022-02-25 17:17:01',19),(86,NULL,'취소',NULL,NULL,NULL,NULL,NULL,NULL,1,7,NULL,NULL,NULL,NULL,NULL,NULL,NULL,NULL,NULL,0,NULL,NULL,NULL,'2022-02-25 17:17:01','2022-02-25 17:17:01',NULL,NULL,NULL,'2022-02-25 17:17:01','2022-02-25 17:17:01',19),(87,NULL,'반품',NULL,NULL,NULL,NULL,NULL,NULL,1,8,NULL,NULL,NULL,NULL,NULL,NULL,NULL,NULL,NULL,0,NULL,NULL,NULL,'2022-02-25 17:17:01','2022-02-25 17:17:01',NULL,NULL,NULL,'2022-02-25 17:17:01','2022-02-25 17:17:01',19),(88,NULL,'교환',NULL,NULL,NULL,NULL,NULL,NULL,1,9,NULL,NULL,NULL,NULL,NULL,NULL,NULL,NULL,NULL,0,NULL,NULL,NULL,'2022-02-25 17:17:01','2022-02-25 17:17:01',NULL,NULL,NULL,'2022-02-25 17:17:01','2022-02-25 17:17:01',19),(89,NULL,'계좌이체',NULL,NULL,NULL,NULL,NULL,NULL,1,1,NULL,NULL,NULL,NULL,NULL,NULL,NULL,NULL,NULL,0,NULL,NULL,NULL,'2022-02-25 17:18:28','2022-02-25 17:18:28',NULL,NULL,NULL,'2022-02-25 17:18:28','2022-02-25 17:18:28',20),(90,NULL,'신용카드',NULL,NULL,NULL,NULL,NULL,NULL,1,2,NULL,NULL,NULL,NULL,NULL,NULL,NULL,NULL,NULL,0,NULL,NULL,NULL,'2022-02-25 17:18:28','2022-02-25 17:18:28',NULL,NULL,NULL,'2022-02-25 17:18:28','2022-02-25 17:18:28',20),(91,NULL,'카카오페이',NULL,NULL,NULL,NULL,NULL,NULL,1,3,NULL,NULL,NULL,NULL,NULL,NULL,NULL,NULL,NULL,0,NULL,NULL,NULL,'2022-02-25 17:18:28','2022-02-25 17:18:28',NULL,NULL,NULL,'2022-02-25 17:18:28','2022-02-25 17:18:28',20),(92,NULL,'토스',NULL,NULL,NULL,NULL,NULL,NULL,1,4,NULL,NULL,NULL,NULL,NULL,NULL,NULL,NULL,NULL,0,NULL,NULL,NULL,'2022-02-25 17:18:28','2022-02-25 17:18:28',NULL,NULL,NULL,'2022-02-25 17:18:28','2022-02-25 17:18:28',20),(93,NULL,'1',NULL,NULL,NULL,NULL,NULL,NULL,1,1,NULL,NULL,NULL,NULL,NULL,NULL,NULL,NULL,NULL,0,NULL,NULL,NULL,'2022-02-25 17:34:24','2022-02-25 17:34:24',NULL,NULL,NULL,'2022-02-25 17:34:24','2022-02-25 17:34:24',22),(94,NULL,'2',NULL,NULL,NULL,NULL,NULL,NULL,1,2,NULL,NULL,NULL,NULL,NULL,NULL,NULL,NULL,NULL,0,NULL,NULL,NULL,'2022-02-25 17:34:24','2022-02-25 17:34:24',NULL,NULL,NULL,'2022-02-25 17:34:24','2022-02-25 17:34:24',22),(95,NULL,'3',NULL,NULL,NULL,NULL,NULL,NULL,1,3,NULL,NULL,NULL,NULL,NULL,NULL,NULL,NULL,NULL,0,NULL,NULL,NULL,'2022-02-25 17:34:24','2022-02-25 17:34:24',NULL,NULL,NULL,'2022-02-25 17:34:24','2022-02-25 17:34:24',22),(96,NULL,'4',NULL,NULL,NULL,NULL,NULL,NULL,1,4,NULL,NULL,NULL,NULL,NULL,NULL,NULL,NULL,NULL,0,NULL,NULL,NULL,'2022-02-25 17:34:24','2022-02-25 17:34:24',NULL,NULL,NULL,'2022-02-25 17:34:24','2022-02-25 17:34:24',22),(97,NULL,'5',NULL,NULL,NULL,NULL,NULL,NULL,1,5,NULL,NULL,NULL,NULL,NULL,NULL,NULL,NULL,NULL,0,NULL,NULL,NULL,'2022-02-25 17:34:24','2022-02-25 17:34:24',NULL,NULL,NULL,'2022-02-25 17:34:24','2022-02-25 17:34:24',22),(98,NULL,'6',NULL,NULL,NULL,NULL,NULL,NULL,1,6,NULL,NULL,NULL,NULL,NULL,NULL,NULL,NULL,NULL,0,NULL,NULL,NULL,'2022-02-25 17:34:24','2022-02-25 17:34:24',NULL,NULL,NULL,'2022-02-25 17:34:24','2022-02-25 17:34:24',22),(99,NULL,'7',NULL,NULL,NULL,NULL,NULL,NULL,1,7,NULL,NULL,NULL,NULL,NULL,NULL,NULL,NULL,NULL,0,NULL,NULL,NULL,'2022-02-25 17:34:24','2022-02-25 17:34:24',NULL,NULL,NULL,'2022-02-25 17:34:24','2022-02-25 17:34:24',22),(100,NULL,'8',NULL,NULL,NULL,NULL,NULL,NULL,1,8,NULL,NULL,NULL,NULL,NULL,NULL,NULL,NULL,NULL,0,NULL,NULL,NULL,'2022-02-25 17:34:24','2022-02-25 17:34:24',NULL,NULL,NULL,'2022-02-25 17:34:24','2022-02-25 17:34:24',22),(101,NULL,'9',NULL,NULL,NULL,NULL,NULL,NULL,1,9,NULL,NULL,NULL,NULL,NULL,NULL,NULL,NULL,NULL,0,NULL,NULL,NULL,'2022-02-25 17:34:24','2022-02-25 17:34:24',NULL,NULL,NULL,'2022-02-25 17:34:24','2022-02-25 17:34:24',22),(102,NULL,'10',NULL,NULL,NULL,NULL,NULL,NULL,1,10,NULL,NULL,NULL,NULL,NULL,NULL,NULL,NULL,NULL,0,NULL,NULL,NULL,'2022-02-25 17:34:24','2022-02-25 17:34:24',NULL,NULL,NULL,'2022-02-25 17:34:24','2022-02-25 17:34:24',22),(103,NULL,'11',NULL,NULL,NULL,NULL,NULL,NULL,1,11,NULL,NULL,NULL,NULL,NULL,NULL,NULL,NULL,NULL,0,NULL,NULL,NULL,'2022-02-25 17:34:24','2022-02-25 17:34:24',NULL,NULL,NULL,'2022-02-25 17:34:24','2022-02-25 17:34:24',22),(104,NULL,'12',NULL,NULL,NULL,NULL,NULL,NULL,1,12,NULL,NULL,NULL,NULL,NULL,NULL,NULL,NULL,NULL,0,NULL,NULL,NULL,'2022-02-25 17:34:24','2022-02-25 17:34:24',NULL,NULL,NULL,'2022-02-25 17:34:24','2022-02-25 17:34:24',22),(105,NULL,'24',NULL,NULL,NULL,NULL,NULL,NULL,1,13,NULL,NULL,NULL,NULL,NULL,NULL,NULL,NULL,NULL,0,NULL,NULL,NULL,'2022-02-25 17:34:24','2022-02-25 17:34:24',NULL,NULL,NULL,'2022-02-25 17:34:24','2022-02-25 17:34:24',22),(106,NULL,'36',NULL,NULL,NULL,NULL,NULL,NULL,1,14,NULL,NULL,NULL,NULL,NULL,NULL,NULL,NULL,NULL,0,NULL,NULL,NULL,'2022-02-25 17:34:24','2022-02-25 17:34:24',NULL,NULL,NULL,'2022-02-25 17:34:24','2022-02-25 17:34:24',22),(107,NULL,'LG전자',NULL,NULL,NULL,NULL,NULL,NULL,1,1,NULL,NULL,NULL,NULL,NULL,NULL,NULL,NULL,NULL,0,NULL,NULL,NULL,'2022-02-25 17:58:04','2022-02-25 17:58:04',NULL,NULL,NULL,'2022-02-25 17:58:04','2022-02-25 17:58:04',23),(108,NULL,'삼성전자',NULL,NULL,NULL,NULL,NULL,NULL,1,2,NULL,NULL,NULL,NULL,NULL,NULL,NULL,NULL,NULL,0,NULL,NULL,NULL,'2022-02-25 18:01:35','2022-02-25 18:01:35',NULL,NULL,NULL,'2022-02-25 18:01:35','2022-02-25 18:01:35',23),(109,NULL,'태스트태ㅐㅐㅐ스트',NULL,NULL,NULL,NULL,NULL,NULL,NULL,NULL,NULL,NULL,NULL,NULL,NULL,NULL,NULL,NULL,NULL,0,NULL,NULL,NULL,NULL,NULL,NULL,NULL,NULL,NULL,NULL,1),(110,NULL,'테스테스트',NULL,NULL,NULL,NULL,NULL,NULL,NULL,NULL,NULL,NULL,NULL,NULL,NULL,NULL,NULL,NULL,NULL,0,NULL,NULL,NULL,NULL,NULL,NULL,NULL,NULL,NULL,NULL,26),(111,NULL,'12312312',NULL,NULL,NULL,NULL,NULL,NULL,NULL,NULL,NULL,NULL,NULL,NULL,NULL,NULL,NULL,NULL,NULL,0,NULL,NULL,NULL,NULL,NULL,NULL,NULL,NULL,NULL,NULL,25),(112,NULL,'220308_1',NULL,NULL,NULL,NULL,NULL,NULL,NULL,NULL,NULL,NULL,NULL,NULL,NULL,NULL,NULL,NULL,NULL,0,NULL,NULL,NULL,NULL,NULL,NULL,NULL,NULL,NULL,NULL,26),(113,NULL,'테스트',NULL,NULL,NULL,NULL,NULL,NULL,1,3,NULL,NULL,NULL,NULL,NULL,NULL,NULL,NULL,NULL,1,NULL,NULL,NULL,NULL,NULL,NULL,NULL,NULL,NULL,NULL,2),(114,NULL,'집',NULL,NULL,NULL,NULL,NULL,NULL,1,2,NULL,NULL,NULL,NULL,NULL,NULL,NULL,NULL,NULL,0,NULL,NULL,NULL,'2022-03-11 09:01:04','2022-03-11 09:01:04',NULL,NULL,NULL,'2022-03-11 09:01:04','2022-03-11 09:01:04',7),(134,NULL,'개인',NULL,NULL,NULL,NULL,NULL,NULL,1,1,NULL,NULL,NULL,NULL,NULL,NULL,NULL,NULL,NULL,0,NULL,NULL,NULL,'2022-04-01 10:21:44',NULL,NULL,NULL,NULL,'2022-04-01 10:21:44',NULL,60),(135,NULL,'사업자',NULL,NULL,NULL,NULL,NULL,NULL,1,2,NULL,NULL,NULL,NULL,NULL,NULL,NULL,NULL,NULL,0,NULL,NULL,NULL,'2022-04-01 10:21:44',NULL,NULL,NULL,NULL,'2022-04-01 10:21:44',NULL,60),(136,NULL,'ㄴㅇㄹㄴㅇ',NULL,NULL,NULL,NULL,NULL,NULL,NULL,NULL,NULL,NULL,NULL,NULL,NULL,NULL,NULL,NULL,NULL,0,NULL,NULL,NULL,NULL,NULL,NULL,NULL,NULL,NULL,NULL,57),(137,NULL,'1',NULL,NULL,NULL,NULL,NULL,NULL,NULL,NULL,NULL,NULL,NULL,NULL,NULL,NULL,NULL,NULL,NULL,0,NULL,NULL,NULL,NULL,NULL,NULL,NULL,NULL,NULL,NULL,57),(138,NULL,'11',NULL,NULL,NULL,NULL,NULL,NULL,NULL,NULL,NULL,NULL,NULL,NULL,NULL,NULL,NULL,NULL,NULL,0,NULL,NULL,NULL,NULL,NULL,NULL,NULL,NULL,NULL,NULL,57),(139,NULL,'22',NULL,NULL,NULL,NULL,NULL,NULL,NULL,NULL,NULL,NULL,NULL,NULL,NULL,NULL,NULL,'dd.jpg','92856631-fd4f-4368-86ca-f9874ee2d968.jpg',0,NULL,NULL,NULL,NULL,NULL,NULL,NULL,NULL,NULL,NULL,57),(140,NULL,'222',NULL,NULL,NULL,NULL,NULL,NULL,NULL,NULL,NULL,NULL,NULL,NULL,NULL,NULL,NULL,'시바 다단계.jpg','f68717e9-9425-4f85-bd26-6f29f4112595.jpg',0,NULL,NULL,NULL,NULL,NULL,NULL,NULL,NULL,NULL,NULL,57),(141,NULL,'333',NULL,NULL,NULL,NULL,NULL,NULL,NULL,NULL,NULL,NULL,NULL,NULL,NULL,NULL,NULL,'서약서_(훈련생 성함).hwp','480201d4-8d34-4618-8e69-956b3c07793c.hwp',0,NULL,NULL,NULL,NULL,NULL,NULL,NULL,NULL,NULL,NULL,57),(142,NULL,'',NULL,NULL,NULL,NULL,NULL,NULL,NULL,NULL,NULL,NULL,NULL,NULL,NULL,NULL,NULL,NULL,NULL,0,NULL,NULL,NULL,NULL,NULL,NULL,NULL,NULL,NULL,NULL,60),(143,NULL,'',NULL,NULL,NULL,NULL,NULL,NULL,NULL,NULL,NULL,NULL,NULL,NULL,NULL,NULL,NULL,NULL,NULL,0,NULL,NULL,NULL,NULL,NULL,NULL,NULL,NULL,NULL,NULL,60),(144,NULL,'',NULL,NULL,NULL,NULL,NULL,NULL,NULL,NULL,NULL,NULL,NULL,NULL,NULL,NULL,NULL,NULL,NULL,0,NULL,NULL,NULL,NULL,NULL,NULL,NULL,NULL,NULL,NULL,60),(145,NULL,'',NULL,NULL,NULL,NULL,NULL,NULL,NULL,NULL,NULL,NULL,NULL,NULL,NULL,NULL,NULL,NULL,NULL,0,NULL,NULL,NULL,NULL,NULL,NULL,NULL,NULL,NULL,NULL,60),(146,NULL,'',NULL,NULL,NULL,NULL,NULL,NULL,NULL,NULL,NULL,NULL,NULL,NULL,NULL,NULL,NULL,NULL,NULL,0,NULL,NULL,NULL,NULL,NULL,NULL,NULL,NULL,NULL,NULL,60),(147,NULL,'',NULL,NULL,NULL,NULL,NULL,NULL,NULL,NULL,NULL,NULL,NULL,NULL,NULL,NULL,NULL,NULL,NULL,0,NULL,NULL,NULL,NULL,NULL,NULL,NULL,NULL,NULL,NULL,60),(148,NULL,'',NULL,NULL,NULL,NULL,NULL,NULL,NULL,NULL,NULL,NULL,NULL,NULL,NULL,NULL,NULL,NULL,NULL,0,NULL,NULL,NULL,NULL,NULL,NULL,NULL,NULL,NULL,NULL,60),(149,NULL,'',NULL,NULL,NULL,NULL,NULL,NULL,NULL,NULL,NULL,NULL,NULL,NULL,NULL,NULL,NULL,NULL,NULL,0,NULL,NULL,NULL,NULL,NULL,NULL,NULL,NULL,NULL,NULL,60),(150,NULL,'',NULL,NULL,NULL,NULL,NULL,NULL,NULL,NULL,NULL,NULL,NULL,NULL,NULL,NULL,NULL,NULL,NULL,0,NULL,NULL,NULL,NULL,NULL,NULL,NULL,NULL,NULL,NULL,60),(151,NULL,'1111',NULL,NULL,NULL,NULL,NULL,NULL,NULL,NULL,NULL,NULL,NULL,NULL,NULL,NULL,NULL,NULL,NULL,0,NULL,NULL,NULL,NULL,NULL,NULL,NULL,NULL,NULL,NULL,57),(152,NULL,'1234',NULL,NULL,NULL,NULL,NULL,NULL,NULL,NULL,NULL,NULL,NULL,NULL,NULL,NULL,NULL,NULL,NULL,0,NULL,NULL,NULL,NULL,NULL,NULL,NULL,NULL,NULL,NULL,57);
/*!40000 ALTER TABLE `infrCode` ENABLE KEYS */;
UNLOCK TABLES;

--
-- Table structure for table `infrCodeGroup`
--

DROP TABLE IF EXISTS `infrCodeGroup`;
/*!40101 SET @saved_cs_client     = @@character_set_client */;
/*!50503 SET character_set_client = utf8mb4 */;
CREATE TABLE `infrCodeGroup` (
  `ifcgSeq` bigint unsigned NOT NULL AUTO_INCREMENT,
  `ifcgSeqAnother` varchar(50) DEFAULT NULL,
  `ifcgName` varchar(100) NOT NULL,
  `ifcgNameEng` varchar(100) DEFAULT NULL,
  `ifcgUseNy` tinyint DEFAULT NULL,
  `ifcgOrder` tinyint DEFAULT NULL,
  `ifcgReferenceV1` varchar(50) DEFAULT NULL,
  `ifcgReferenceV2` varchar(50) DEFAULT NULL,
  `ifcgReferenceV3` varchar(50) DEFAULT NULL,
  `ifcgReferenceI1` int DEFAULT NULL,
  `ifcgReferenceI2` int DEFAULT NULL,
  `ifcgReferenceI3` int DEFAULT NULL,
  `ifcgDesc` varchar(255) DEFAULT NULL,
  `ifcgDelNy` tinyint NOT NULL,
  `regIp` varchar(100) DEFAULT NULL,
  `regSeq` bigint DEFAULT NULL,
  `regDevice` tinyint DEFAULT NULL,
  `regDateTime` datetime DEFAULT NULL,
  `regDateTimeSvr` datetime DEFAULT NULL,
  `modIp` varchar(100) DEFAULT NULL,
  `modSeq` bigint DEFAULT NULL,
  `modDevice` tinyint DEFAULT NULL,
  `modDateTime` datetime DEFAULT NULL,
  `modDateTimeSvr` datetime DEFAULT NULL,
  PRIMARY KEY (`ifcgSeq`)
) ENGINE=InnoDB AUTO_INCREMENT=61 DEFAULT CHARSET=utf8mb3;
/*!40101 SET character_set_client = @saved_cs_client */;

--
-- Dumping data for table `infrCodeGroup`
--

LOCK TABLES `infrCodeGroup` WRITE;
/*!40000 ALTER TABLE `infrCodeGroup` DISABLE KEYS */;
INSERT INTO `infrCodeGroup` VALUES (1,NULL,'권한회원.역할','',1,1,NULL,NULL,NULL,NULL,NULL,NULL,NULL,0,NULL,NULL,NULL,'2022-02-08 14:45:27','2022-02-08 14:45:27',NULL,NULL,NULL,'2022-02-08 14:45:27','2022-02-08 14:45:27'),(2,NULL,'회원.성별','member.gender',1,2,NULL,NULL,NULL,NULL,NULL,NULL,NULL,0,NULL,NULL,NULL,'2022-02-08 14:48:56','2022-02-08 14:48:56',NULL,NULL,NULL,'2022-02-08 14:48:56','2022-02-08 14:48:56'),(3,NULL,'회원.보전기간',NULL,1,3,NULL,NULL,NULL,NULL,NULL,NULL,NULL,0,NULL,NULL,NULL,'2022-02-08 14:49:11','2022-02-08 14:49:11',NULL,NULL,NULL,'2022-02-08 14:49:11','2022-02-08 14:49:11'),(4,NULL,'회원.결혼여부',NULL,1,4,NULL,NULL,NULL,NULL,NULL,NULL,NULL,0,NULL,NULL,NULL,'2022-02-08 14:49:22','2022-02-08 14:49:22',NULL,NULL,NULL,'2022-02-08 14:49:22','2022-02-08 14:49:22'),(5,NULL,'회원이메일.구분',NULL,1,5,NULL,NULL,NULL,NULL,NULL,NULL,NULL,0,NULL,NULL,NULL,'2022-02-08 14:49:39','2022-02-08 14:49:39',NULL,NULL,NULL,'2022-02-08 14:49:39','2022-02-08 14:49:39'),(6,NULL,'회원이메일.도메인',NULL,1,6,NULL,NULL,NULL,NULL,NULL,NULL,NULL,0,NULL,NULL,NULL,'2022-02-08 14:49:48','2022-02-08 14:49:48',NULL,NULL,NULL,'2022-02-08 14:49:48','2022-02-08 14:49:48'),(7,NULL,'회원전화.구분',NULL,1,7,NULL,NULL,NULL,NULL,NULL,NULL,NULL,0,NULL,NULL,NULL,'2022-02-08 14:50:05','2022-02-08 14:50:05',NULL,NULL,NULL,'2022-02-08 14:50:05','2022-02-08 14:50:05'),(8,NULL,'회원전화.장비',NULL,1,8,NULL,NULL,NULL,NULL,NULL,NULL,NULL,0,NULL,NULL,NULL,'2022-02-08 14:50:16','2022-02-08 14:50:16',NULL,NULL,NULL,'2022-02-08 14:50:16','2022-02-08 14:50:16'),(9,NULL,'회원전화.통신사',NULL,1,9,NULL,NULL,NULL,NULL,NULL,NULL,NULL,0,NULL,NULL,NULL,'2022-02-08 14:50:25','2022-02-08 14:50:25',NULL,NULL,NULL,'2022-02-08 14:50:25','2022-02-08 14:50:25'),(10,NULL,'회원주소온라인.구분',NULL,1,10,NULL,NULL,NULL,NULL,NULL,NULL,NULL,0,NULL,NULL,NULL,'2022-02-08 14:50:46','2022-02-08 14:50:46',NULL,NULL,NULL,'2022-02-08 14:50:46','2022-02-08 14:50:46'),(11,NULL,'회원주소온라인.sns',NULL,1,11,NULL,NULL,NULL,NULL,NULL,NULL,NULL,0,NULL,NULL,NULL,'2022-02-08 14:51:00','2022-02-08 14:51:00',NULL,NULL,NULL,'2022-02-08 14:51:00','2022-02-08 14:51:00'),(12,NULL,'회원취미.구분',NULL,1,12,NULL,NULL,NULL,NULL,NULL,NULL,NULL,0,NULL,NULL,NULL,'2022-02-08 14:51:19','2022-02-08 14:51:19',NULL,NULL,NULL,'2022-02-08 14:51:19','2022-02-08 14:51:19'),(13,NULL,'회원주소.구분',NULL,1,13,NULL,NULL,NULL,NULL,NULL,NULL,NULL,0,NULL,NULL,NULL,'2022-02-08 14:51:31','2022-02-08 14:51:31',NULL,NULL,NULL,'2022-02-08 14:51:31','2022-02-08 14:51:31'),(14,NULL,'회원보안질문.구분',NULL,1,14,NULL,NULL,NULL,NULL,NULL,NULL,NULL,0,NULL,NULL,NULL,'2022-02-08 15:01:15','2022-02-08 15:01:15',NULL,NULL,NULL,'2022-02-08 15:01:15','2022-02-08 15:01:15'),(15,NULL,'상품.구분',NULL,0,15,NULL,NULL,NULL,NULL,NULL,NULL,NULL,1,NULL,NULL,NULL,'2022-02-25 10:31:03','2022-02-25 10:31:03',NULL,NULL,NULL,'2022-02-25 10:31:03','2022-02-25 10:31:03'),(16,NULL,'상품.상태',NULL,1,16,NULL,NULL,NULL,NULL,NULL,NULL,NULL,0,NULL,NULL,NULL,'2022-02-25 10:36:21','2022-02-25 10:36:21',NULL,NULL,NULL,'2022-02-25 10:36:21','2022-02-25 10:36:21'),(17,NULL,'상품.인증구분',NULL,1,17,NULL,NULL,NULL,NULL,NULL,NULL,NULL,0,NULL,NULL,NULL,'2022-02-25 10:36:21','2022-02-25 10:36:21',NULL,NULL,NULL,'2022-02-25 10:36:21','2022-02-25 10:36:21'),(18,NULL,'카드사.구분',NULL,1,18,NULL,NULL,NULL,NULL,NULL,NULL,NULL,0,NULL,NULL,NULL,'2022-02-25 10:37:03','2022-02-25 10:37:03',NULL,NULL,NULL,'2022-02-25 10:37:03','2022-02-25 10:37:03'),(19,NULL,'주문.상태',NULL,1,19,NULL,NULL,NULL,NULL,NULL,NULL,NULL,0,NULL,NULL,NULL,'2022-02-25 10:39:11','2022-02-25 10:39:11',NULL,NULL,NULL,'2022-02-25 10:39:11','2022-02-25 10:39:11'),(20,NULL,'주문.결제구분',NULL,1,20,NULL,NULL,NULL,NULL,NULL,NULL,NULL,0,NULL,NULL,NULL,'2022-02-25 10:39:11','2022-02-25 10:39:11',NULL,NULL,NULL,'2022-02-25 10:39:11','2022-02-25 10:39:11'),(21,NULL,'주문.결제카드',NULL,0,21,NULL,NULL,NULL,NULL,NULL,NULL,NULL,1,NULL,NULL,NULL,'2022-02-25 10:39:11','2022-02-25 10:39:11',NULL,NULL,NULL,'2022-02-25 10:39:11','2022-02-25 10:39:11'),(22,NULL,'주문.할부개월',NULL,1,22,NULL,NULL,NULL,NULL,NULL,NULL,NULL,0,NULL,NULL,NULL,'2022-02-25 10:39:11','2022-02-25 10:39:11',NULL,NULL,NULL,'2022-02-25 10:39:11','2022-02-25 10:39:11'),(23,NULL,'상품.제조회사',NULL,1,23,NULL,NULL,NULL,NULL,NULL,NULL,NULL,0,NULL,NULL,NULL,'2022-02-25 17:57:08','2022-02-25 17:57:08',NULL,NULL,NULL,'2022-02-25 17:57:08','2022-02-25 17:57:08'),(24,NULL,'test24',NULL,NULL,NULL,NULL,NULL,NULL,NULL,NULL,NULL,NULL,0,NULL,NULL,NULL,NULL,NULL,NULL,NULL,NULL,NULL,NULL),(25,NULL,'testtest122',NULL,NULL,NULL,NULL,NULL,NULL,NULL,NULL,NULL,NULL,0,NULL,NULL,NULL,NULL,NULL,NULL,NULL,NULL,NULL,NULL),(26,NULL,'gggggg',NULL,NULL,NULL,NULL,NULL,NULL,NULL,NULL,NULL,NULL,0,NULL,NULL,NULL,NULL,NULL,NULL,NULL,NULL,NULL,NULL),(27,NULL,'상품.제조번호',NULL,NULL,NULL,NULL,NULL,NULL,NULL,NULL,NULL,NULL,0,NULL,NULL,NULL,NULL,NULL,NULL,NULL,NULL,NULL,NULL),(28,NULL,'220310테스트',NULL,NULL,NULL,NULL,NULL,NULL,NULL,NULL,NULL,NULL,0,NULL,NULL,NULL,NULL,NULL,NULL,NULL,NULL,NULL,NULL),(29,NULL,'tttt',NULL,NULL,NULL,NULL,NULL,NULL,NULL,NULL,NULL,NULL,0,NULL,NULL,NULL,NULL,NULL,NULL,NULL,NULL,NULL,NULL),(30,NULL,'ttttt',NULL,NULL,NULL,NULL,NULL,NULL,NULL,NULL,NULL,NULL,0,NULL,NULL,NULL,NULL,NULL,NULL,NULL,NULL,NULL,NULL),(31,NULL,'ttttt',NULL,NULL,NULL,NULL,NULL,NULL,NULL,NULL,NULL,NULL,0,NULL,NULL,NULL,NULL,NULL,NULL,NULL,NULL,NULL,NULL),(32,NULL,'sdfsdaf',NULL,NULL,NULL,NULL,NULL,NULL,NULL,NULL,NULL,NULL,0,NULL,NULL,NULL,NULL,NULL,NULL,NULL,NULL,NULL,NULL),(33,NULL,'test.test',NULL,NULL,NULL,NULL,NULL,NULL,NULL,NULL,NULL,NULL,0,NULL,NULL,NULL,NULL,NULL,NULL,NULL,NULL,NULL,NULL),(34,NULL,'testtest122',NULL,NULL,NULL,NULL,NULL,NULL,NULL,NULL,NULL,NULL,0,NULL,NULL,NULL,NULL,NULL,NULL,NULL,NULL,NULL,NULL),(35,NULL,'gggggg11',NULL,NULL,NULL,NULL,NULL,NULL,NULL,NULL,NULL,NULL,0,NULL,NULL,NULL,NULL,NULL,NULL,NULL,NULL,NULL,NULL),(36,NULL,'상품.제조번호',NULL,NULL,NULL,NULL,NULL,NULL,NULL,NULL,NULL,NULL,0,NULL,NULL,NULL,NULL,NULL,NULL,NULL,NULL,NULL,NULL),(37,NULL,'220310테스트',NULL,NULL,NULL,NULL,NULL,NULL,NULL,NULL,NULL,NULL,0,NULL,NULL,NULL,NULL,NULL,NULL,NULL,NULL,NULL,NULL),(38,NULL,'tttt',NULL,NULL,NULL,NULL,NULL,NULL,NULL,NULL,NULL,NULL,0,NULL,NULL,NULL,NULL,NULL,NULL,NULL,NULL,NULL,NULL),(39,NULL,'ttttt',NULL,NULL,NULL,NULL,NULL,NULL,NULL,NULL,NULL,NULL,0,NULL,NULL,NULL,NULL,NULL,NULL,NULL,NULL,NULL,NULL),(40,NULL,'ttttt',NULL,NULL,NULL,NULL,NULL,NULL,NULL,NULL,NULL,NULL,0,NULL,NULL,NULL,NULL,NULL,NULL,NULL,NULL,NULL,NULL),(41,NULL,'sdfsdaf',NULL,NULL,NULL,NULL,NULL,NULL,NULL,NULL,NULL,NULL,0,NULL,NULL,NULL,NULL,NULL,NULL,NULL,NULL,NULL,NULL),(42,NULL,'test.test',NULL,NULL,NULL,NULL,NULL,NULL,NULL,NULL,NULL,NULL,0,NULL,NULL,NULL,NULL,NULL,NULL,NULL,NULL,NULL,NULL),(43,NULL,'testtest122',NULL,NULL,NULL,NULL,NULL,NULL,NULL,NULL,NULL,NULL,0,NULL,NULL,NULL,NULL,NULL,NULL,NULL,NULL,NULL,NULL),(44,NULL,'gggggg',NULL,NULL,NULL,NULL,NULL,NULL,NULL,NULL,NULL,NULL,0,NULL,NULL,NULL,NULL,NULL,NULL,NULL,NULL,NULL,NULL),(45,NULL,'상품.제조번호',NULL,NULL,NULL,NULL,NULL,NULL,NULL,NULL,NULL,NULL,0,NULL,NULL,NULL,NULL,NULL,NULL,NULL,NULL,NULL,NULL),(46,NULL,'220310테스트',NULL,NULL,NULL,NULL,NULL,NULL,NULL,NULL,NULL,NULL,0,NULL,NULL,NULL,NULL,NULL,NULL,NULL,NULL,NULL,NULL),(47,NULL,'tttt',NULL,NULL,NULL,NULL,NULL,NULL,NULL,NULL,NULL,NULL,0,NULL,NULL,NULL,NULL,NULL,NULL,NULL,NULL,NULL,NULL),(48,NULL,'ttttt',NULL,NULL,NULL,NULL,NULL,NULL,NULL,NULL,NULL,NULL,0,NULL,NULL,NULL,NULL,NULL,NULL,NULL,NULL,NULL,NULL),(49,NULL,'ttttt',NULL,NULL,NULL,NULL,NULL,NULL,NULL,NULL,NULL,NULL,0,NULL,NULL,NULL,NULL,NULL,NULL,NULL,NULL,NULL,NULL),(50,NULL,'sdfsdaf',NULL,NULL,NULL,NULL,NULL,NULL,NULL,NULL,NULL,NULL,0,NULL,NULL,NULL,NULL,NULL,NULL,NULL,NULL,NULL,NULL),(51,NULL,'fsfsdf',NULL,NULL,NULL,NULL,NULL,NULL,NULL,NULL,NULL,NULL,0,NULL,NULL,NULL,NULL,NULL,NULL,NULL,NULL,NULL,NULL),(52,NULL,'gsdga',NULL,NULL,NULL,NULL,NULL,NULL,NULL,NULL,NULL,NULL,0,NULL,NULL,NULL,NULL,NULL,NULL,NULL,NULL,NULL,NULL),(53,NULL,'testset',NULL,NULL,NULL,NULL,NULL,NULL,NULL,NULL,NULL,NULL,0,NULL,NULL,NULL,NULL,NULL,NULL,NULL,NULL,NULL,NULL),(54,NULL,'tetstese54',NULL,NULL,NULL,NULL,NULL,NULL,NULL,NULL,NULL,NULL,0,NULL,NULL,NULL,NULL,NULL,NULL,NULL,NULL,NULL,NULL),(55,NULL,'test55',NULL,NULL,NULL,NULL,NULL,NULL,NULL,NULL,NULL,NULL,0,NULL,NULL,NULL,NULL,NULL,NULL,NULL,NULL,NULL,NULL),(56,NULL,'fsdf',NULL,NULL,NULL,NULL,NULL,NULL,NULL,NULL,NULL,NULL,0,NULL,NULL,NULL,NULL,NULL,NULL,NULL,NULL,NULL,NULL),(57,NULL,'test56',NULL,NULL,NULL,NULL,NULL,NULL,NULL,NULL,NULL,NULL,1,NULL,NULL,NULL,NULL,NULL,NULL,NULL,NULL,NULL,NULL),(60,NULL,'회원.구분',NULL,NULL,NULL,NULL,NULL,NULL,NULL,NULL,NULL,NULL,0,NULL,NULL,NULL,'2022-04-01 10:19:41',NULL,NULL,NULL,NULL,'2022-04-01 10:19:41',NULL);
/*!40000 ALTER TABLE `infrCodeGroup` ENABLE KEYS */;
UNLOCK TABLES;

--
-- Table structure for table `infrLogLogin`
--

DROP TABLE IF EXISTS `infrLogLogin`;
/*!40101 SET @saved_cs_client     = @@character_set_client */;
/*!50503 SET character_set_client = utf8mb4 */;
CREATE TABLE `infrLogLogin` (
  `iflgSeq` bigint unsigned NOT NULL AUTO_INCREMENT,
  `ifmmId` varchar(50) DEFAULT NULL,
  `ifmmSeq` bigint DEFAULT NULL,
  `iflgResultNy` tinyint DEFAULT NULL,
  `iflgDelNy` tinyint NOT NULL,
  `regIp` varchar(100) DEFAULT NULL,
  `regSeq` bigint DEFAULT NULL,
  `regDeviceCd` bigint DEFAULT NULL,
  `regDateTime` datetime DEFAULT NULL,
  `regDateTimeSvr` datetime DEFAULT NULL,
  PRIMARY KEY (`iflgSeq`)
) ENGINE=InnoDB DEFAULT CHARSET=utf8mb3;
/*!40101 SET character_set_client = @saved_cs_client */;

--
-- Dumping data for table `infrLogLogin`
--

LOCK TABLES `infrLogLogin` WRITE;
/*!40000 ALTER TABLE `infrLogLogin` DISABLE KEYS */;
/*!40000 ALTER TABLE `infrLogLogin` ENABLE KEYS */;
UNLOCK TABLES;

--
-- Table structure for table `infrMember`
--

DROP TABLE IF EXISTS `infrMember`;
/*!40101 SET @saved_cs_client     = @@character_set_client */;
/*!50503 SET character_set_client = utf8mb4 */;
CREATE TABLE `infrMember` (
  `ifmmSeq` bigint unsigned NOT NULL AUTO_INCREMENT,
  `ifmmClassificationCd` bigint DEFAULT NULL COMMENT '회원구분',
  `ifmmAdminNy` tinyint DEFAULT NULL,
  `ifmmDormancyNy` tinyint DEFAULT NULL,
  `ifmmName` varchar(50) NOT NULL DEFAULT 'name',
  `ifmmNickname` varchar(100) DEFAULT NULL,
  `ifmmId` varchar(50) NOT NULL,
  `ifmmPassword` varchar(100) DEFAULT NULL,
  `ifmmPwdModDate` datetime DEFAULT NULL COMMENT '패스워드수정일',
  `ifmmGenderCd` bigint DEFAULT NULL,
  `ifmmDob` date DEFAULT NULL,
  `ifmmSavedCd` bigint DEFAULT NULL COMMENT '회원정보저장기간',
  `ifmmMarriageCd` bigint DEFAULT NULL,
  `ifmmMarriageDate` date DEFAULT NULL,
  `ifmmChildrenNum` tinyint DEFAULT NULL,
  `ifmmFavoriteColor` varchar(50) DEFAULT NULL,
  `ifmmRecommenderSeq` bigint DEFAULT NULL,
  `ifmmServiceConsentNy` tinyint DEFAULT NULL,
  `ifmmPersonalConsentNy` tinyint DEFAULT NULL,
  `ifmmEmailConsentNy` tinyint DEFAULT NULL,
  `ifmmSmsConsentNy` tinyint DEFAULT NULL,
  `ifmmPushConsentNy` tinyint DEFAULT NULL,
  `ifmmDesc` varchar(255) DEFAULT NULL,
  `ifmmDelNy` tinyint NOT NULL,
  `regIp` varchar(100) DEFAULT NULL,
  `regSeq` bigint DEFAULT NULL,
  `regDevice` tinyint DEFAULT NULL,
  `regDateTime` datetime DEFAULT NULL,
  `regDateTimeSvr` datetime DEFAULT NULL,
  `modIp` varchar(100) DEFAULT NULL,
  `modSeq` bigint DEFAULT NULL,
  `modDevice` tinyint DEFAULT NULL,
  `modDateTime` datetime DEFAULT NULL,
  `modDateTimeSvr` datetime DEFAULT NULL,
  PRIMARY KEY (`ifmmSeq`),
  KEY `infrMemberIndex` (`ifmmName`)
) ENGINE=InnoDB AUTO_INCREMENT=109 DEFAULT CHARSET=utf8mb3;
/*!40101 SET character_set_client = @saved_cs_client */;

--
-- Dumping data for table `infrMember`
--

LOCK TABLES `infrMember` WRITE;
/*!40000 ALTER TABLE `infrMember` DISABLE KEYS */;
INSERT INTO `infrMember` VALUES (1,NULL,1,0,'관리자1',NULL,'admin_101001','imadmin','2022-02-08 16:54:35',4,'1987-01-01',7,11,NULL,NULL,'#333333',NULL,0,0,0,0,0,NULL,0,NULL,NULL,NULL,'2022-02-08 16:54:35','2022-02-08 16:54:35',NULL,NULL,NULL,'2022-02-08 16:54:35','2022-02-08 16:54:35'),(2,NULL,0,0,'하이브리드',NULL,'highbreath','hihihihihaha11','2022-02-08 16:52:30',3,'1980-01-01',5,11,'2000-01-01',2,'#0100ff',NULL,0,0,1,0,1,'',0,NULL,NULL,NULL,'2022-02-08 16:52:30','2022-02-08 16:52:30',NULL,NULL,NULL,'2022-02-08 16:52:30','2022-02-08 16:52:30'),(4,NULL,NULL,NULL,'123123',NULL,'1231241',NULL,NULL,NULL,NULL,NULL,NULL,NULL,NULL,NULL,NULL,0,0,NULL,NULL,NULL,NULL,1,NULL,NULL,NULL,NULL,NULL,NULL,NULL,NULL,NULL,NULL),(5,NULL,NULL,NULL,'12222222',NULL,'123124',NULL,NULL,NULL,NULL,NULL,NULL,NULL,NULL,NULL,NULL,0,0,NULL,NULL,NULL,NULL,1,NULL,NULL,NULL,NULL,NULL,NULL,NULL,NULL,NULL,NULL),(13,NULL,NULL,NULL,'고구마',NULL,'1',NULL,NULL,NULL,NULL,NULL,NULL,NULL,NULL,NULL,NULL,0,0,NULL,NULL,NULL,NULL,0,NULL,NULL,NULL,NULL,NULL,NULL,NULL,NULL,NULL,NULL),(14,NULL,NULL,NULL,'감자',NULL,'2',NULL,NULL,NULL,NULL,NULL,NULL,NULL,NULL,NULL,NULL,0,0,NULL,NULL,NULL,NULL,0,NULL,NULL,NULL,NULL,NULL,NULL,NULL,NULL,NULL,NULL),(15,NULL,NULL,NULL,'토마토',NULL,'3',NULL,NULL,NULL,NULL,NULL,NULL,NULL,NULL,NULL,NULL,0,0,NULL,NULL,NULL,NULL,0,NULL,NULL,NULL,NULL,NULL,NULL,NULL,NULL,NULL,NULL),(16,NULL,NULL,NULL,'오이',NULL,'4',NULL,NULL,NULL,NULL,NULL,NULL,NULL,NULL,NULL,NULL,0,0,NULL,NULL,NULL,NULL,0,NULL,NULL,NULL,NULL,NULL,NULL,NULL,NULL,NULL,NULL),(17,NULL,NULL,NULL,'호박',NULL,'5',NULL,NULL,NULL,NULL,NULL,NULL,NULL,NULL,NULL,NULL,0,0,NULL,NULL,NULL,NULL,0,NULL,NULL,NULL,NULL,NULL,NULL,NULL,NULL,NULL,NULL),(18,NULL,NULL,NULL,'포도',NULL,'6',NULL,NULL,NULL,NULL,NULL,NULL,NULL,NULL,NULL,NULL,0,0,NULL,NULL,NULL,NULL,0,NULL,NULL,NULL,NULL,NULL,NULL,NULL,NULL,NULL,NULL),(19,NULL,NULL,NULL,'사과',NULL,'7',NULL,NULL,NULL,NULL,NULL,NULL,NULL,NULL,NULL,NULL,0,0,NULL,NULL,NULL,NULL,0,NULL,NULL,NULL,NULL,NULL,NULL,NULL,NULL,NULL,NULL),(20,NULL,NULL,NULL,'바나나',NULL,'8',NULL,NULL,NULL,NULL,NULL,NULL,NULL,NULL,NULL,NULL,0,0,NULL,NULL,NULL,NULL,0,NULL,NULL,NULL,NULL,NULL,NULL,NULL,NULL,NULL,NULL),(21,NULL,NULL,NULL,'키위',NULL,'912',NULL,NULL,NULL,NULL,NULL,NULL,NULL,NULL,NULL,NULL,0,0,NULL,NULL,NULL,NULL,0,NULL,NULL,NULL,NULL,NULL,NULL,NULL,NULL,NULL,NULL),(22,NULL,NULL,NULL,'멜론',NULL,'432',NULL,NULL,NULL,NULL,NULL,NULL,NULL,NULL,NULL,NULL,0,0,NULL,NULL,NULL,NULL,0,NULL,NULL,NULL,NULL,NULL,NULL,NULL,NULL,NULL,NULL),(23,NULL,NULL,NULL,'수박',NULL,'52',NULL,NULL,NULL,NULL,NULL,NULL,NULL,NULL,NULL,NULL,0,0,NULL,NULL,NULL,NULL,0,NULL,NULL,NULL,NULL,NULL,NULL,NULL,NULL,NULL,NULL),(24,NULL,NULL,NULL,'코코넛',NULL,'562',NULL,NULL,NULL,NULL,NULL,NULL,NULL,NULL,NULL,NULL,0,0,NULL,NULL,NULL,NULL,0,NULL,NULL,NULL,NULL,NULL,NULL,NULL,NULL,NULL,NULL),(25,NULL,NULL,NULL,'브로콜리',NULL,'637',NULL,NULL,NULL,NULL,NULL,NULL,NULL,NULL,NULL,NULL,0,0,NULL,NULL,NULL,NULL,0,NULL,NULL,NULL,NULL,NULL,NULL,NULL,NULL,NULL,NULL),(26,NULL,NULL,NULL,'고추',NULL,'123',NULL,NULL,NULL,NULL,NULL,NULL,NULL,NULL,NULL,NULL,0,0,NULL,NULL,NULL,NULL,0,NULL,NULL,NULL,NULL,NULL,NULL,NULL,NULL,NULL,NULL),(27,NULL,NULL,NULL,'양배추',NULL,'14',NULL,NULL,NULL,NULL,NULL,NULL,NULL,NULL,NULL,NULL,0,0,NULL,NULL,NULL,NULL,0,NULL,NULL,NULL,NULL,NULL,NULL,NULL,NULL,NULL,NULL),(38,NULL,NULL,NULL,'완두콩',NULL,'123',NULL,NULL,NULL,NULL,NULL,NULL,NULL,NULL,NULL,NULL,0,0,NULL,NULL,NULL,NULL,0,NULL,NULL,NULL,NULL,NULL,NULL,NULL,NULL,NULL,NULL),(39,NULL,NULL,NULL,'강낭콩',NULL,'4sfd',NULL,NULL,NULL,NULL,NULL,NULL,NULL,NULL,NULL,NULL,0,0,NULL,NULL,NULL,NULL,0,NULL,NULL,NULL,NULL,NULL,NULL,NULL,NULL,NULL,NULL),(40,NULL,NULL,NULL,'배추',NULL,'4wwt',NULL,NULL,NULL,NULL,NULL,NULL,NULL,NULL,NULL,NULL,0,0,NULL,NULL,NULL,NULL,0,NULL,NULL,NULL,NULL,NULL,NULL,NULL,NULL,NULL,NULL),(41,NULL,NULL,NULL,'배',NULL,'sdfs',NULL,NULL,NULL,NULL,NULL,NULL,NULL,NULL,NULL,NULL,0,0,NULL,NULL,NULL,NULL,0,NULL,NULL,NULL,NULL,NULL,NULL,NULL,NULL,NULL,NULL),(42,NULL,NULL,NULL,'딸기',NULL,'asfd',NULL,NULL,NULL,NULL,NULL,NULL,NULL,NULL,NULL,NULL,0,0,NULL,NULL,NULL,NULL,0,NULL,NULL,NULL,NULL,NULL,NULL,NULL,NULL,NULL,NULL),(43,NULL,NULL,NULL,'검은콩',NULL,'w525',NULL,NULL,NULL,NULL,NULL,NULL,NULL,NULL,NULL,NULL,0,0,NULL,NULL,NULL,NULL,0,NULL,NULL,NULL,NULL,NULL,NULL,NULL,NULL,NULL,NULL),(44,NULL,NULL,NULL,'버터',NULL,'sdfa',NULL,NULL,NULL,NULL,NULL,NULL,NULL,NULL,NULL,NULL,0,0,NULL,NULL,NULL,NULL,0,NULL,NULL,NULL,NULL,NULL,NULL,NULL,NULL,NULL,NULL),(45,NULL,NULL,NULL,'밀가루',NULL,'25',NULL,NULL,NULL,NULL,NULL,NULL,NULL,NULL,NULL,NULL,0,0,NULL,NULL,NULL,NULL,0,NULL,NULL,NULL,NULL,NULL,NULL,NULL,NULL,NULL,NULL),(46,NULL,NULL,NULL,'밀',NULL,'sfasdg',NULL,NULL,NULL,NULL,NULL,NULL,NULL,NULL,NULL,NULL,0,0,NULL,NULL,NULL,NULL,0,NULL,NULL,NULL,NULL,NULL,NULL,NULL,NULL,NULL,NULL),(47,NULL,NULL,NULL,'쌀',NULL,'y25yt',NULL,NULL,NULL,NULL,NULL,NULL,NULL,NULL,NULL,NULL,0,0,NULL,NULL,NULL,NULL,0,NULL,NULL,NULL,NULL,NULL,NULL,NULL,NULL,NULL,NULL),(48,NULL,NULL,NULL,'쌀가루',NULL,'hf',NULL,NULL,NULL,NULL,NULL,NULL,NULL,NULL,NULL,NULL,0,0,NULL,NULL,NULL,NULL,0,NULL,NULL,NULL,NULL,NULL,NULL,NULL,NULL,NULL,NULL),(49,NULL,NULL,NULL,'완두콩',NULL,'123',NULL,NULL,NULL,NULL,NULL,NULL,NULL,NULL,NULL,NULL,0,0,NULL,NULL,NULL,NULL,0,NULL,NULL,NULL,NULL,NULL,NULL,NULL,NULL,NULL,NULL),(50,NULL,NULL,NULL,'강낭콩',NULL,'4sfd',NULL,NULL,NULL,NULL,NULL,NULL,NULL,NULL,NULL,NULL,0,0,NULL,NULL,NULL,NULL,0,NULL,NULL,NULL,NULL,NULL,NULL,NULL,NULL,NULL,NULL),(51,NULL,NULL,NULL,'배추',NULL,'4wwt',NULL,NULL,NULL,NULL,NULL,NULL,NULL,NULL,NULL,NULL,0,0,NULL,NULL,NULL,NULL,0,NULL,NULL,NULL,NULL,NULL,NULL,NULL,NULL,NULL,NULL),(52,NULL,NULL,NULL,'배',NULL,'sdfs',NULL,NULL,NULL,NULL,NULL,NULL,NULL,NULL,NULL,NULL,0,0,NULL,NULL,NULL,NULL,0,NULL,NULL,NULL,NULL,NULL,NULL,NULL,NULL,NULL,NULL),(53,NULL,NULL,NULL,'딸기',NULL,'asfd',NULL,NULL,NULL,NULL,NULL,NULL,NULL,NULL,NULL,NULL,0,0,NULL,NULL,NULL,NULL,0,NULL,NULL,NULL,NULL,NULL,NULL,NULL,NULL,NULL,NULL),(54,NULL,NULL,NULL,'검은콩',NULL,'w525',NULL,NULL,NULL,NULL,NULL,NULL,NULL,NULL,NULL,NULL,0,0,NULL,NULL,NULL,NULL,0,NULL,NULL,NULL,NULL,NULL,NULL,NULL,NULL,NULL,NULL),(55,NULL,NULL,NULL,'버터',NULL,'sdfa',NULL,NULL,NULL,NULL,NULL,NULL,NULL,NULL,NULL,NULL,0,0,NULL,NULL,NULL,NULL,0,NULL,NULL,NULL,NULL,NULL,NULL,NULL,NULL,NULL,NULL),(56,NULL,NULL,NULL,'밀가루',NULL,'25',NULL,NULL,NULL,NULL,NULL,NULL,NULL,NULL,NULL,NULL,0,0,NULL,NULL,NULL,NULL,0,NULL,NULL,NULL,NULL,NULL,NULL,NULL,NULL,NULL,NULL),(57,NULL,NULL,NULL,'밀',NULL,'sfasdg',NULL,NULL,NULL,NULL,NULL,NULL,NULL,NULL,NULL,NULL,0,0,NULL,NULL,NULL,NULL,0,NULL,NULL,NULL,NULL,NULL,NULL,NULL,NULL,NULL,NULL),(58,NULL,NULL,NULL,'쌀',NULL,'y25yt',NULL,NULL,NULL,NULL,NULL,NULL,NULL,NULL,NULL,NULL,0,0,NULL,NULL,NULL,NULL,0,NULL,NULL,NULL,NULL,NULL,NULL,NULL,NULL,NULL,NULL),(59,NULL,NULL,NULL,'쌀가루',NULL,'hf',NULL,NULL,NULL,NULL,NULL,NULL,NULL,NULL,NULL,NULL,0,0,NULL,NULL,NULL,NULL,1,NULL,NULL,NULL,NULL,NULL,NULL,NULL,NULL,NULL,NULL),(60,NULL,NULL,NULL,'name',NULL,'dsjflsdjfl',NULL,NULL,NULL,NULL,NULL,NULL,NULL,NULL,NULL,13,0,0,NULL,NULL,NULL,NULL,0,NULL,NULL,NULL,NULL,NULL,NULL,NULL,NULL,NULL,NULL),(61,NULL,NULL,NULL,'fasdfa',NULL,'asfdasdf','gsadgas',NULL,3,'2022-03-19',NULL,NULL,NULL,NULL,NULL,13,0,0,1,1,NULL,NULL,0,NULL,NULL,NULL,NULL,NULL,NULL,NULL,NULL,NULL,NULL),(62,NULL,NULL,NULL,'fasdfa',NULL,'asfdasdf','gsadgas',NULL,3,'2022-03-19',NULL,NULL,NULL,NULL,NULL,13,0,0,1,1,NULL,NULL,0,NULL,NULL,NULL,NULL,NULL,NULL,NULL,NULL,NULL,NULL),(63,NULL,NULL,NULL,'fasdfa',NULL,'asfdasdf','gsadgas',NULL,3,'2022-03-19',NULL,NULL,NULL,NULL,NULL,13,0,0,1,1,NULL,NULL,0,NULL,NULL,NULL,NULL,NULL,NULL,NULL,NULL,NULL,NULL),(64,NULL,NULL,NULL,'fasdfa',NULL,'asfdasdf','gsadgas',NULL,3,'2022-03-19',NULL,NULL,NULL,NULL,NULL,13,0,0,1,1,NULL,NULL,0,NULL,NULL,NULL,NULL,NULL,NULL,NULL,NULL,NULL,NULL),(65,NULL,NULL,NULL,'fasdfa',NULL,'asfdasdf','gsadgas',NULL,3,'2022-03-19',NULL,NULL,NULL,NULL,NULL,13,0,0,1,1,NULL,NULL,0,NULL,NULL,NULL,NULL,NULL,NULL,NULL,NULL,NULL,NULL),(66,NULL,NULL,NULL,'fasdfa',NULL,'asfdasdf','gsadgas',NULL,3,'2022-03-19',NULL,NULL,NULL,NULL,NULL,13,0,0,1,1,NULL,NULL,0,NULL,NULL,NULL,NULL,NULL,NULL,NULL,NULL,NULL,NULL),(67,NULL,NULL,NULL,'fasdfa',NULL,'asfdasdf','gsadgas',NULL,3,'2022-03-19',NULL,NULL,NULL,NULL,NULL,13,0,0,1,1,NULL,NULL,0,NULL,NULL,NULL,NULL,NULL,NULL,NULL,NULL,NULL,NULL),(68,NULL,NULL,NULL,'fasdfa',NULL,'asfdasdf','gsadgas',NULL,3,'2022-03-19',NULL,NULL,NULL,NULL,NULL,13,0,0,1,1,NULL,NULL,0,NULL,NULL,NULL,NULL,NULL,NULL,NULL,NULL,NULL,NULL),(69,NULL,NULL,NULL,'fasdfa',NULL,'asfdasdf','gsadgas',NULL,3,'2022-03-19',NULL,NULL,NULL,NULL,NULL,13,0,0,1,1,NULL,NULL,0,NULL,NULL,NULL,NULL,NULL,NULL,NULL,NULL,NULL,NULL),(70,NULL,NULL,NULL,'fasdfa',NULL,'asfdasdf','gsadgas',NULL,3,'2022-03-19',NULL,NULL,NULL,NULL,NULL,13,0,0,1,1,NULL,NULL,0,NULL,NULL,NULL,NULL,NULL,NULL,NULL,NULL,NULL,NULL),(71,NULL,NULL,NULL,'고구마친구',NULL,'potato11','sdfasdf',NULL,4,'2022-03-17',NULL,NULL,NULL,NULL,NULL,13,0,0,1,1,NULL,NULL,0,NULL,NULL,NULL,NULL,NULL,NULL,NULL,NULL,NULL,NULL),(72,NULL,NULL,NULL,'고양이',NULL,'catcute','fdasfd',NULL,3,'2022-03-11',NULL,NULL,NULL,NULL,NULL,13,0,0,1,1,NULL,NULL,0,NULL,NULL,NULL,NULL,NULL,NULL,NULL,NULL,NULL,NULL),(73,NULL,NULL,NULL,'통신사테스트',NULL,'testset','fsafas',NULL,4,'2022-03-19',NULL,NULL,NULL,NULL,NULL,13,0,0,1,1,NULL,NULL,0,NULL,NULL,NULL,NULL,NULL,NULL,NULL,NULL,NULL,NULL),(74,NULL,NULL,NULL,'테스트111',NULL,'testst','asfdasf',NULL,3,'2022-03-09',NULL,NULL,NULL,NULL,NULL,13,0,0,1,0,NULL,NULL,0,NULL,NULL,NULL,NULL,NULL,NULL,NULL,NULL,NULL,NULL),(75,NULL,NULL,NULL,'테스트111',NULL,'testst','asfdasf',NULL,3,'2022-03-09',NULL,NULL,NULL,NULL,NULL,13,0,0,1,0,NULL,NULL,0,NULL,NULL,NULL,NULL,NULL,NULL,NULL,NULL,NULL,NULL),(77,NULL,NULL,NULL,'괄호테스트',NULL,'tttttttttt','sdfasfd',NULL,3,'2022-03-03',NULL,NULL,NULL,NULL,NULL,25,0,0,1,0,NULL,NULL,0,NULL,NULL,NULL,NULL,NULL,NULL,NULL,NULL,NULL,NULL),(78,NULL,NULL,NULL,'감자1',NULL,'potato1','sdfa',NULL,3,'2022-03-12',5,12,'2022-03-16',1,'#b92d2d',NULL,0,0,1,1,NULL,'asdfsda',0,NULL,NULL,NULL,NULL,NULL,NULL,NULL,NULL,NULL,NULL),(79,NULL,NULL,NULL,'감자2',NULL,'potato2','asdfasd',NULL,3,'2022-03-11',7,12,'2022-03-18',1,'#8d2a2a',NULL,0,0,1,1,NULL,'asfdasf',0,NULL,NULL,NULL,NULL,NULL,NULL,NULL,NULL,NULL,NULL),(81,NULL,NULL,NULL,'감자4',NULL,'potato4','sadfasdf',NULL,3,'2022-03-12',5,12,'2022-03-17',1,'#7f2929',NULL,0,0,1,1,NULL,'asfsadf',0,NULL,NULL,NULL,NULL,NULL,NULL,NULL,NULL,NULL,NULL),(82,NULL,NULL,NULL,'감자5',NULL,'potato5','4',NULL,3,'2022-03-04',6,11,'2022-03-17',1,'#6d2222',NULL,0,0,1,1,NULL,'',0,NULL,NULL,NULL,NULL,NULL,NULL,NULL,NULL,NULL,NULL),(84,NULL,NULL,NULL,'감자6',NULL,'potato6','2',NULL,3,'2022-03-04',7,11,'2022-03-04',1,'#e61e1e',13,0,0,0,0,NULL,'',0,NULL,NULL,NULL,'2022-03-27 00:00:00',NULL,NULL,NULL,NULL,NULL,NULL),(87,NULL,NULL,NULL,'감자8',NULL,'potato8','sfdsf',NULL,3,'2022-03-11',6,11,'2022-03-10',2,'#861313',NULL,0,0,1,1,NULL,'',0,NULL,NULL,NULL,'2022-03-28 15:20:45',NULL,NULL,NULL,NULL,'2022-03-28 15:20:45',NULL),(88,NULL,NULL,NULL,'감자9',NULL,'potato9','safs',NULL,3,'2022-03-05',7,11,'2022-03-17',1,'#9d3434',NULL,0,0,0,1,NULL,'',0,NULL,NULL,NULL,'2022-03-28 15:43:33',NULL,NULL,NULL,NULL,'2022-03-28 15:43:33',NULL),(89,NULL,NULL,NULL,'감자9',NULL,'potato10','sdfsd',NULL,3,'2022-03-03',6,11,'2022-03-04',1,'#cc2424',NULL,0,0,1,1,NULL,'safds',0,NULL,NULL,NULL,'2022-03-29 10:30:49',NULL,NULL,NULL,NULL,'2022-03-29 10:30:49',NULL),(90,NULL,NULL,NULL,'감자11',NULL,'potato12','sdfsd',NULL,3,'2022-03-03',7,11,'2022-03-10',1,'#ae1e1e',NULL,0,0,1,1,NULL,'sdfsd',0,NULL,NULL,NULL,'2022-03-29 10:51:41',NULL,NULL,NULL,NULL,'2022-03-29 10:51:41',NULL),(91,NULL,NULL,NULL,'감자12',NULL,'potato13','sdfs',NULL,3,'2022-03-04',6,11,'2022-03-03',1,'#e51515',NULL,0,0,0,1,NULL,'sdfsdf\r\ndsfsd\r\nsdfsd\r\n\r\n\r\nddd',0,NULL,NULL,NULL,'2022-03-29 10:57:00',NULL,NULL,NULL,NULL,'2022-03-29 10:57:00',NULL),(92,NULL,NULL,NULL,'감자13',NULL,'potato14',NULL,NULL,NULL,NULL,NULL,NULL,NULL,NULL,NULL,NULL,0,0,NULL,NULL,NULL,NULL,0,NULL,NULL,NULL,'2022-03-29 21:41:37',NULL,NULL,NULL,NULL,'2022-03-29 21:41:37',NULL),(93,NULL,NULL,NULL,'감자13',NULL,'potato14',NULL,NULL,NULL,NULL,NULL,NULL,NULL,NULL,NULL,NULL,0,0,NULL,NULL,NULL,NULL,0,NULL,NULL,NULL,'2022-03-29 21:41:37',NULL,NULL,NULL,NULL,'2022-03-29 21:41:37',NULL),(94,NULL,NULL,NULL,'감자13',NULL,'potato14',NULL,NULL,NULL,NULL,NULL,NULL,NULL,NULL,NULL,NULL,0,0,NULL,NULL,NULL,NULL,0,NULL,NULL,NULL,'2022-03-29 21:41:37',NULL,NULL,NULL,NULL,'2022-03-29 21:41:37',NULL),(95,NULL,NULL,NULL,'감자13',NULL,'potato14',NULL,NULL,NULL,NULL,NULL,NULL,NULL,NULL,NULL,NULL,0,0,NULL,NULL,NULL,NULL,0,NULL,NULL,NULL,'2022-03-29 21:41:37',NULL,NULL,NULL,NULL,'2022-03-29 21:41:37',NULL),(96,NULL,NULL,NULL,'감자13',NULL,'potato14',NULL,NULL,NULL,NULL,NULL,NULL,NULL,NULL,NULL,NULL,0,0,NULL,NULL,NULL,NULL,1,NULL,NULL,NULL,'2022-03-29 21:41:37',NULL,NULL,NULL,NULL,'2022-03-29 21:41:37',NULL),(99,NULL,NULL,NULL,'감자99',NULL,'potato99','sdfds',NULL,3,'2022-03-03',7,11,'2022-03-10',1,'#c41212',NULL,0,0,1,1,NULL,'sdfsd',0,NULL,NULL,NULL,'2022-03-30 09:52:01',NULL,NULL,NULL,NULL,'2022-03-30 09:52:01',NULL),(100,135,NULL,NULL,'감자98',NULL,'potato98','98',NULL,4,'2022-03-04',6,11,'2022-03-05',2,'#20d924',NULL,0,0,1,1,NULL,'sgddgdgd',0,NULL,NULL,NULL,'2022-03-30 09:55:17',NULL,NULL,NULL,NULL,'2022-03-30 09:55:17',NULL),(101,134,NULL,NULL,'감자97',NULL,'potato97','97',NULL,3,'2022-03-05',7,11,'2022-03-05',2,'#e70808',NULL,0,0,0,1,NULL,'가\r\n나\r\n다\r\n라',0,NULL,NULL,NULL,'2022-03-30 09:58:28',NULL,NULL,NULL,NULL,'2022-03-30 09:58:28',NULL),(102,NULL,NULL,NULL,'88','88','potato88','88',NULL,NULL,NULL,NULL,NULL,NULL,NULL,NULL,NULL,NULL,NULL,NULL,NULL,NULL,NULL,0,NULL,NULL,NULL,'2022-04-01 12:10:40',NULL,NULL,NULL,NULL,'2022-04-01 12:10:40',NULL),(103,NULL,NULL,NULL,'88','88','potato88','88',NULL,NULL,NULL,NULL,NULL,NULL,NULL,NULL,NULL,NULL,NULL,NULL,NULL,NULL,NULL,0,NULL,NULL,NULL,'2022-04-01 12:12:19',NULL,NULL,NULL,NULL,'2022-04-01 12:12:19',NULL),(104,NULL,NULL,NULL,'',NULL,'','',NULL,NULL,NULL,NULL,NULL,NULL,NULL,NULL,NULL,NULL,NULL,NULL,NULL,NULL,NULL,0,NULL,NULL,NULL,'2022-06-07 15:18:06',NULL,NULL,NULL,NULL,'2022-06-07 15:18:06',NULL),(105,NULL,NULL,NULL,'',NULL,'','',NULL,NULL,NULL,NULL,NULL,NULL,NULL,NULL,NULL,NULL,NULL,NULL,NULL,NULL,NULL,0,NULL,NULL,NULL,'2022-06-07 15:18:16',NULL,NULL,NULL,NULL,'2022-06-07 15:18:16',NULL),(106,NULL,NULL,NULL,'한',NULL,'abcd','1234',NULL,NULL,NULL,NULL,NULL,NULL,NULL,NULL,NULL,NULL,NULL,NULL,NULL,NULL,NULL,0,NULL,NULL,NULL,'2022-06-07 15:18:49',NULL,NULL,NULL,NULL,'2022-06-07 15:18:49',NULL),(107,NULL,NULL,NULL,'fff',NULL,'1234','11',NULL,NULL,NULL,NULL,NULL,NULL,NULL,NULL,NULL,NULL,NULL,NULL,NULL,NULL,NULL,0,NULL,NULL,NULL,'2022-06-07 15:34:07',NULL,NULL,NULL,NULL,'2022-06-07 15:34:07',NULL),(108,NULL,NULL,NULL,'han220622',NULL,'han220622','han220622',NULL,3,'2022-06-04',6,11,'2022-06-09',1,'#ad1010',NULL,NULL,NULL,1,1,NULL,'han220622',0,NULL,NULL,NULL,'2022-06-22 11:57:05',NULL,NULL,NULL,NULL,'2022-06-22 11:57:05',NULL);
/*!40000 ALTER TABLE `infrMember` ENABLE KEYS */;
UNLOCK TABLES;

--
-- Table structure for table `infrMemberAddress`
--

DROP TABLE IF EXISTS `infrMemberAddress`;
/*!40101 SET @saved_cs_client     = @@character_set_client */;
/*!50503 SET character_set_client = utf8mb4 */;
CREATE TABLE `infrMemberAddress` (
  `ifmaSeq` bigint unsigned NOT NULL AUTO_INCREMENT,
  `ifmaDefaultNy` tinyint NOT NULL,
  `ifmaTypeCd` bigint DEFAULT NULL,
  `ifmaTitle` varchar(100) DEFAULT NULL,
  `ifmaAddress1` varchar(100) DEFAULT NULL,
  `ifmaAddress2` varchar(100) DEFAULT NULL,
  `ifmaZipcode` varchar(50) DEFAULT NULL,
  `ifmaDelNy` tinyint NOT NULL,
  `regIp` varchar(100) DEFAULT NULL,
  `regSeq` bigint DEFAULT NULL,
  `regDevice` tinyint DEFAULT NULL,
  `regDateTime` datetime DEFAULT NULL,
  `regDateTimeSvr` datetime DEFAULT NULL,
  `modIp` varchar(100) DEFAULT NULL,
  `modSeq` bigint DEFAULT NULL,
  `modDevice` tinyint DEFAULT NULL,
  `modDateTime` datetime DEFAULT NULL,
  `modDateTimeSvr` datetime DEFAULT NULL,
  `ifmmSeq` bigint unsigned NOT NULL,
  PRIMARY KEY (`ifmaSeq`),
  KEY `fk_infrMemberEmail_infrMember1_idx` (`ifmmSeq`),
  CONSTRAINT `fk_infrMemberEmail_infrMember11` FOREIGN KEY (`ifmmSeq`) REFERENCES `infrMember` (`ifmmSeq`)
) ENGINE=InnoDB AUTO_INCREMENT=34 DEFAULT CHARSET=utf8mb3;
/*!40101 SET character_set_client = @saved_cs_client */;

--
-- Dumping data for table `infrMemberAddress`
--

LOCK TABLES `infrMemberAddress` WRITE;
/*!40000 ALTER TABLE `infrMemberAddress` DISABLE KEYS */;
INSERT INTO `infrMemberAddress` VALUES (1,1,58,'집','서울시 서초구','1번순환로','1111',0,NULL,NULL,NULL,'2022-02-08 17:29:44','2022-02-08 17:29:44',NULL,NULL,NULL,'2022-02-08 17:29:44','2022-02-08 17:29:44',1),(2,1,58,'집','서울시 서초구','2번순환로','2222',0,NULL,NULL,NULL,'2022-02-08 17:29:59','2022-02-08 17:29:59',NULL,NULL,NULL,'2022-02-08 17:29:59','2022-02-08 17:29:59',2),(3,2,59,'회사','서울시 동작구','3번순환로','3333',0,NULL,NULL,NULL,'2022-02-08 17:30:11','2022-02-08 17:30:11',NULL,NULL,NULL,'2022-02-08 17:30:11','2022-02-08 17:30:11',2),(8,1,NULL,NULL,'fdasdf','asdfsafd','12311',0,NULL,NULL,NULL,NULL,NULL,NULL,NULL,NULL,NULL,NULL,70),(9,1,NULL,NULL,'서울시 서울구 서울동','서울아파트 서울','12345',0,NULL,NULL,NULL,NULL,NULL,NULL,NULL,NULL,NULL,NULL,71),(10,1,NULL,NULL,'서울시 어디구 어디동','냥집','12312',0,NULL,NULL,NULL,NULL,NULL,NULL,NULL,NULL,NULL,NULL,72),(11,1,NULL,NULL,'테스트테스트','sfdasdf','12312',0,NULL,NULL,NULL,NULL,NULL,NULL,NULL,NULL,NULL,NULL,73),(12,1,NULL,NULL,'sdfsadf','gsdg','16345',0,NULL,NULL,NULL,NULL,NULL,NULL,NULL,NULL,NULL,NULL,74),(13,1,NULL,NULL,'sdfsadf','gsdg','16345',0,NULL,NULL,NULL,NULL,NULL,NULL,NULL,NULL,NULL,NULL,75),(15,1,NULL,NULL,'sdfasdf','sfasf','63635',0,NULL,NULL,NULL,NULL,NULL,NULL,NULL,NULL,NULL,NULL,77),(16,1,NULL,NULL,'','11','',0,NULL,NULL,NULL,NULL,NULL,NULL,NULL,NULL,NULL,NULL,78),(17,1,NULL,NULL,'','11','',0,NULL,NULL,NULL,NULL,NULL,NULL,NULL,NULL,NULL,NULL,79),(19,1,NULL,NULL,'서울 종로구 경교장길 8','11','03181',0,NULL,NULL,NULL,NULL,NULL,NULL,NULL,NULL,NULL,NULL,81),(20,1,NULL,NULL,'서울 종로구 팔판길 1-6','105','03054',0,NULL,NULL,NULL,NULL,NULL,NULL,NULL,NULL,NULL,NULL,82),(22,1,NULL,NULL,'서울 종로구 삼청로 59','105','03054',0,NULL,NULL,NULL,NULL,NULL,NULL,NULL,NULL,NULL,NULL,84),(25,1,NULL,NULL,'서울 종로구 팔판길 1-6','11','03054',0,NULL,NULL,NULL,NULL,NULL,NULL,NULL,NULL,NULL,NULL,87),(26,1,NULL,NULL,'서울 종로구 삼청로 59','11','03054',0,NULL,NULL,NULL,NULL,NULL,NULL,NULL,NULL,NULL,NULL,88),(27,1,NULL,NULL,'서울 종로구 삼청로 59','11','03054',0,NULL,NULL,NULL,NULL,NULL,NULL,NULL,NULL,NULL,NULL,89),(28,1,NULL,NULL,'서울 종로구 팔판길 1-6','11','03054',0,NULL,NULL,NULL,NULL,NULL,NULL,NULL,NULL,NULL,NULL,90),(29,1,NULL,NULL,'서울 종로구 삼청로 59','111','03054',0,NULL,NULL,NULL,NULL,NULL,NULL,NULL,NULL,NULL,NULL,91),(30,1,NULL,NULL,'경기 파주시 파평면 금마루1길 15','111','10801',0,NULL,NULL,NULL,NULL,NULL,NULL,NULL,NULL,NULL,NULL,99),(31,1,NULL,NULL,'경기 파주시 파평면 금마루1길 65','111','10801',0,NULL,NULL,NULL,NULL,NULL,NULL,NULL,NULL,NULL,NULL,100),(32,1,NULL,NULL,'서울 종로구 혜화로 2','555','03076',0,NULL,NULL,NULL,NULL,NULL,NULL,NULL,NULL,NULL,NULL,101),(33,1,NULL,NULL,'서울 성북구 아리랑로 3','11','02830',0,NULL,NULL,NULL,NULL,NULL,NULL,NULL,NULL,NULL,NULL,108);
/*!40000 ALTER TABLE `infrMemberAddress` ENABLE KEYS */;
UNLOCK TABLES;

--
-- Table structure for table `infrMemberAddressOnline`
--

DROP TABLE IF EXISTS `infrMemberAddressOnline`;
/*!40101 SET @saved_cs_client     = @@character_set_client */;
/*!50503 SET character_set_client = utf8mb4 */;
CREATE TABLE `infrMemberAddressOnline` (
  `ifaoSeq` bigint unsigned NOT NULL AUTO_INCREMENT,
  `ifaoTypeCd` bigint DEFAULT NULL,
  `ifaoDefaultNy` bigint NOT NULL,
  `ifaoSnsTypeCd` bigint DEFAULT NULL,
  `ifaoUrl` varchar(100) DEFAULT NULL,
  `ifaoTitle` varchar(100) DEFAULT NULL,
  `ifaoDelNy` tinyint NOT NULL,
  `regIp` varchar(100) DEFAULT NULL,
  `regSeq` bigint DEFAULT NULL,
  `regDevice` tinyint DEFAULT NULL,
  `regDateTime` datetime DEFAULT NULL,
  `regDateTimeSvr` datetime DEFAULT NULL,
  `modIp` varchar(100) DEFAULT NULL,
  `modSeq` bigint DEFAULT NULL,
  `modDevice` tinyint DEFAULT NULL,
  `modDateTime` datetime DEFAULT NULL,
  `modDateTimeSvr` datetime DEFAULT NULL,
  `ifmmSeq` bigint unsigned NOT NULL,
  PRIMARY KEY (`ifaoSeq`),
  KEY `fk_infrMemberEmail_infrMember1_idx` (`ifmmSeq`),
  CONSTRAINT `fk_infrMemberEmail_infrMember100` FOREIGN KEY (`ifmmSeq`) REFERENCES `infrMember` (`ifmmSeq`)
) ENGINE=InnoDB AUTO_INCREMENT=27 DEFAULT CHARSET=utf8mb3;
/*!40101 SET character_set_client = @saved_cs_client */;

--
-- Dumping data for table `infrMemberAddressOnline`
--

LOCK TABLES `infrMemberAddressOnline` WRITE;
/*!40000 ALTER TABLE `infrMemberAddressOnline` DISABLE KEYS */;
INSERT INTO `infrMemberAddressOnline` VALUES (1,32,1,NULL,'www.youhan.com','마이 홈페이지',1,NULL,NULL,NULL,'2022-02-08 17:17:23','2022-02-08 17:17:23',NULL,NULL,NULL,'2022-02-08 17:17:23','2022-02-08 17:17:23',1),(2,33,1,34,'@hybrid','페북',0,NULL,NULL,NULL,'2022-02-08 17:18:04','2022-02-08 17:18:04',NULL,NULL,NULL,'2022-02-08 17:18:04','2022-02-08 17:18:04',2),(3,33,0,35,'@hybrid','페북',0,NULL,NULL,NULL,'2022-02-08 17:18:15','2022-02-08 17:18:15',NULL,NULL,NULL,'2022-02-08 17:18:15','2022-02-08 17:18:15',2),(4,NULL,1,34,'sfdsdf',NULL,0,NULL,NULL,NULL,NULL,NULL,NULL,NULL,NULL,NULL,NULL,73),(5,NULL,1,35,'sdfsadf',NULL,0,NULL,NULL,NULL,NULL,NULL,NULL,NULL,NULL,NULL,NULL,74),(6,NULL,1,35,'sdfsadf',NULL,0,NULL,NULL,NULL,NULL,NULL,NULL,NULL,NULL,NULL,NULL,75),(8,NULL,1,35,'1',NULL,0,NULL,NULL,NULL,NULL,NULL,NULL,NULL,NULL,NULL,NULL,77),(9,NULL,1,35,'asdfsad',NULL,0,NULL,NULL,NULL,NULL,NULL,NULL,NULL,NULL,NULL,NULL,78),(10,NULL,1,34,'sfasfd',NULL,0,NULL,NULL,NULL,NULL,NULL,NULL,NULL,NULL,NULL,NULL,79),(12,NULL,1,34,'sdfsdfsd',NULL,0,NULL,NULL,NULL,NULL,NULL,NULL,NULL,NULL,NULL,NULL,81),(13,NULL,1,35,'asdfasf',NULL,0,NULL,NULL,NULL,NULL,NULL,NULL,NULL,NULL,NULL,NULL,82),(15,NULL,1,35,'www',NULL,0,NULL,NULL,NULL,NULL,NULL,NULL,NULL,NULL,NULL,NULL,84),(18,NULL,1,35,'sfa',NULL,0,NULL,NULL,NULL,NULL,NULL,NULL,NULL,NULL,NULL,NULL,87),(19,NULL,1,35,'www',NULL,0,NULL,NULL,NULL,NULL,NULL,NULL,NULL,NULL,NULL,NULL,88),(20,NULL,1,34,'sss',NULL,0,NULL,NULL,NULL,NULL,NULL,NULL,NULL,NULL,NULL,NULL,89),(21,NULL,1,34,'www',NULL,0,NULL,NULL,NULL,NULL,NULL,NULL,NULL,NULL,NULL,NULL,90),(22,NULL,1,35,'www',NULL,0,NULL,NULL,NULL,NULL,NULL,NULL,NULL,NULL,NULL,NULL,91),(23,NULL,1,34,'sss',NULL,0,NULL,NULL,NULL,NULL,NULL,NULL,NULL,NULL,NULL,NULL,99),(24,NULL,1,35,'www',NULL,0,NULL,NULL,NULL,NULL,NULL,NULL,NULL,NULL,NULL,NULL,100),(25,NULL,1,35,'www',NULL,0,NULL,NULL,NULL,NULL,NULL,NULL,NULL,NULL,NULL,NULL,101),(26,NULL,1,34,'s',NULL,0,NULL,NULL,NULL,NULL,NULL,NULL,NULL,NULL,NULL,NULL,108);
/*!40000 ALTER TABLE `infrMemberAddressOnline` ENABLE KEYS */;
UNLOCK TABLES;

--
-- Table structure for table `infrMemberEmail`
--

DROP TABLE IF EXISTS `infrMemberEmail`;
/*!40101 SET @saved_cs_client     = @@character_set_client */;
/*!50503 SET character_set_client = utf8mb4 */;
CREATE TABLE `infrMemberEmail` (
  `ifmeSeq` bigint unsigned NOT NULL AUTO_INCREMENT,
  `ifmeDefaultNy` tinyint NOT NULL,
  `ifmeTypeCd` bigint DEFAULT NULL,
  `ifmeEmailFull` varchar(100) DEFAULT NULL,
  `ifmeEmailAccount` varchar(100) DEFAULT NULL,
  `ifmeEmailDomain` varchar(100) DEFAULT NULL,
  `ifmeEmailDomainCd` bigint DEFAULT NULL,
  `ifmeDelNy` tinyint NOT NULL,
  `regIp` varchar(100) DEFAULT NULL,
  `regSeq` bigint DEFAULT NULL,
  `regDevice` tinyint DEFAULT NULL,
  `regDateTime` datetime DEFAULT NULL,
  `regDateTimeSvr` datetime DEFAULT NULL,
  `modIp` varchar(100) DEFAULT NULL,
  `modSeq` bigint DEFAULT NULL,
  `modDevice` tinyint DEFAULT NULL,
  `modDateTime` datetime DEFAULT NULL,
  `modDateTimeSvr` datetime DEFAULT NULL,
  `ifmmSeq` bigint unsigned NOT NULL,
  PRIMARY KEY (`ifmeSeq`),
  KEY `fk_infrMemberEmail_infrMember1_idx` (`ifmmSeq`),
  CONSTRAINT `fk_infrMemberEmail_infrMember1` FOREIGN KEY (`ifmmSeq`) REFERENCES `infrMember` (`ifmmSeq`)
) ENGINE=InnoDB AUTO_INCREMENT=37 DEFAULT CHARSET=utf8mb3;
/*!40101 SET character_set_client = @saved_cs_client */;

--
-- Dumping data for table `infrMemberEmail`
--

LOCK TABLES `infrMemberEmail` WRITE;
/*!40000 ALTER TABLE `infrMemberEmail` DISABLE KEYS */;
INSERT INTO `infrMemberEmail` VALUES (1,1,13,'hybrid@gmail.com','hybrid','gmail.com',18,0,NULL,NULL,NULL,'2022-02-08 17:01:09','2022-02-08 17:01:09',NULL,NULL,NULL,'2022-02-08 17:01:09','2022-02-08 17:01:09',2),(2,0,14,'hyb@company.com','hyb','company.com',19,0,NULL,NULL,NULL,'2022-02-08 17:04:11','2022-02-08 17:04:11',NULL,NULL,NULL,'2022-02-08 17:04:11','2022-02-08 17:04:11',2),(3,1,14,'youhanlee@company1.com','youhanlee','company1.com',19,0,NULL,NULL,NULL,'2022-02-08 17:06:11','2022-02-08 17:06:11',NULL,NULL,NULL,'2022-02-08 17:06:11','2022-02-08 17:06:11',1),(6,1,NULL,'sadfasdf@naver.com','sadfasdf',NULL,16,0,NULL,NULL,NULL,NULL,NULL,NULL,NULL,NULL,NULL,NULL,70),(7,1,NULL,'potato111@naver.com','potato111',NULL,16,0,NULL,NULL,NULL,NULL,NULL,NULL,NULL,NULL,NULL,NULL,71),(8,1,NULL,'catcat@naver.com','catcat',NULL,16,0,NULL,NULL,NULL,NULL,NULL,NULL,NULL,NULL,NULL,NULL,72),(9,1,NULL,'afdssdf@daum.net','afdssdf',NULL,17,0,NULL,NULL,NULL,NULL,NULL,NULL,NULL,NULL,NULL,NULL,73),(10,1,NULL,'asdfsadf@daum.net','asdfsadf',NULL,17,0,NULL,NULL,NULL,NULL,NULL,NULL,NULL,NULL,NULL,NULL,74),(11,1,NULL,'asdfsadf@daum.net','asdfsadf',NULL,17,0,NULL,NULL,NULL,NULL,NULL,NULL,NULL,NULL,NULL,NULL,75),(13,1,NULL,'sdfsdaf@daum.net','sdfsdaf',NULL,17,0,NULL,NULL,NULL,NULL,NULL,NULL,NULL,NULL,NULL,NULL,77),(14,1,NULL,'afsaf@naver.com','afsaf',NULL,16,0,NULL,NULL,NULL,NULL,NULL,NULL,NULL,NULL,NULL,NULL,78),(15,1,NULL,'dsfasf@naver.com','dsfasf',NULL,16,0,NULL,NULL,NULL,NULL,NULL,NULL,NULL,NULL,NULL,NULL,79),(17,1,NULL,'asdfa@naver.com','asdfa',NULL,16,0,NULL,NULL,NULL,NULL,NULL,NULL,NULL,NULL,NULL,NULL,81),(18,1,NULL,'afsdf@daum.net','afsdf',NULL,17,0,NULL,NULL,NULL,NULL,NULL,NULL,NULL,NULL,NULL,NULL,82),(20,1,NULL,'ppp@naver.com','ppp',NULL,16,0,NULL,NULL,NULL,NULL,NULL,NULL,NULL,NULL,NULL,NULL,84),(23,1,NULL,'sdfs@naver.com','sdfs',NULL,16,0,NULL,NULL,NULL,NULL,NULL,NULL,NULL,NULL,NULL,NULL,87),(24,1,NULL,'safs@gmail.com','safs',NULL,18,0,NULL,NULL,NULL,NULL,NULL,NULL,NULL,NULL,NULL,NULL,88),(25,1,NULL,'sdfsd@daum.net','sdfsd',NULL,17,0,NULL,NULL,NULL,NULL,NULL,NULL,NULL,NULL,NULL,NULL,89),(26,1,NULL,'sdfsd@daum.net','sdfsd',NULL,17,0,NULL,NULL,NULL,NULL,NULL,NULL,NULL,NULL,NULL,NULL,90),(27,1,NULL,'sdfsd@naver.com','sdfsd',NULL,16,0,NULL,NULL,NULL,NULL,NULL,NULL,NULL,NULL,NULL,NULL,91),(28,1,NULL,'sdfsd@naver.com','sdfsd',NULL,16,0,NULL,NULL,NULL,NULL,NULL,NULL,NULL,NULL,NULL,NULL,99),(29,1,NULL,'fsdg@naver.com','fsdg',NULL,16,0,NULL,NULL,NULL,NULL,NULL,NULL,NULL,NULL,NULL,NULL,100),(30,1,NULL,'gdgd@daum.net','gdgd',NULL,17,0,NULL,NULL,NULL,NULL,NULL,NULL,NULL,NULL,NULL,NULL,101),(31,1,NULL,'88@88',NULL,NULL,NULL,0,NULL,NULL,NULL,'2022-04-01 12:12:19',NULL,NULL,NULL,NULL,'2022-04-01 12:12:19',NULL,103),(32,1,NULL,'',NULL,NULL,NULL,0,NULL,NULL,NULL,'2022-06-07 15:18:06',NULL,NULL,NULL,NULL,'2022-06-07 15:18:06',NULL,104),(33,1,NULL,'',NULL,NULL,NULL,0,NULL,NULL,NULL,'2022-06-07 15:18:16',NULL,NULL,NULL,NULL,'2022-06-07 15:18:16',NULL,105),(34,1,NULL,'a@naver.com',NULL,NULL,NULL,0,NULL,NULL,NULL,'2022-06-07 15:18:49',NULL,NULL,NULL,NULL,'2022-06-07 15:18:49',NULL,106),(35,1,NULL,'fff@naver.com',NULL,NULL,NULL,0,NULL,NULL,NULL,'2022-06-07 15:34:07',NULL,NULL,NULL,NULL,'2022-06-07 15:34:07',NULL,107),(36,1,NULL,'han220622@naver.com','han220622',NULL,16,0,NULL,NULL,NULL,NULL,NULL,NULL,NULL,NULL,NULL,NULL,108);
/*!40000 ALTER TABLE `infrMemberEmail` ENABLE KEYS */;
UNLOCK TABLES;

--
-- Table structure for table `infrMemberHobby`
--

DROP TABLE IF EXISTS `infrMemberHobby`;
/*!40101 SET @saved_cs_client     = @@character_set_client */;
/*!50503 SET character_set_client = utf8mb4 */;
CREATE TABLE `infrMemberHobby` (
  `ifmhSeq` bigint unsigned NOT NULL AUTO_INCREMENT,
  `ifmhHobbyCd` bigint NOT NULL,
  `ifmhUseNy` tinyint DEFAULT NULL,
  `ifmhOrder` tinyint DEFAULT NULL,
  `ifmhDelNy` tinyint NOT NULL,
  `regIp` varchar(100) DEFAULT NULL,
  `regSeq` bigint DEFAULT NULL,
  `regDevice` tinyint DEFAULT NULL,
  `regDateTime` datetime DEFAULT NULL,
  `regDateTimeSvr` datetime DEFAULT NULL,
  `modIp` varchar(100) DEFAULT NULL,
  `modSeq` bigint DEFAULT NULL,
  `modDevice` tinyint DEFAULT NULL,
  `modDateTime` datetime DEFAULT NULL,
  `modDateTimeSvr` datetime DEFAULT NULL,
  `ifmmSeq` bigint unsigned NOT NULL,
  PRIMARY KEY (`ifmhSeq`),
  KEY `fk_infrMemberEmail_infrMember1_idx` (`ifmmSeq`),
  CONSTRAINT `fk_infrMemberEmail_infrMember110` FOREIGN KEY (`ifmmSeq`) REFERENCES `infrMember` (`ifmmSeq`)
) ENGINE=InnoDB AUTO_INCREMENT=48 DEFAULT CHARSET=utf8mb3;
/*!40101 SET character_set_client = @saved_cs_client */;

--
-- Dumping data for table `infrMemberHobby`
--

LOCK TABLES `infrMemberHobby` WRITE;
/*!40000 ALTER TABLE `infrMemberHobby` DISABLE KEYS */;
INSERT INTO `infrMemberHobby` VALUES (1,38,1,1,0,NULL,NULL,NULL,'2022-02-08 17:20:43','2022-02-08 17:20:43',NULL,NULL,NULL,'2022-02-08 17:20:43','2022-02-08 17:20:43',1),(2,40,1,1,0,NULL,NULL,NULL,'2022-02-08 17:20:54','2022-02-08 17:20:54',NULL,NULL,NULL,'2022-02-08 17:20:54','2022-02-08 17:20:54',2),(3,41,1,2,0,NULL,NULL,NULL,'2022-02-08 17:21:09','2022-02-08 17:21:09',NULL,NULL,NULL,'2022-02-08 17:21:09','2022-02-08 17:21:09',2),(5,46,1,NULL,0,NULL,NULL,NULL,NULL,NULL,NULL,NULL,NULL,NULL,NULL,77),(6,44,1,NULL,0,NULL,NULL,NULL,NULL,NULL,NULL,NULL,NULL,NULL,NULL,78),(7,42,1,NULL,0,NULL,NULL,NULL,NULL,NULL,NULL,NULL,NULL,NULL,NULL,79),(9,50,1,NULL,0,NULL,NULL,NULL,NULL,NULL,NULL,NULL,NULL,NULL,NULL,81),(10,43,1,NULL,0,NULL,NULL,NULL,NULL,NULL,NULL,NULL,NULL,NULL,NULL,82),(12,48,1,NULL,0,NULL,NULL,NULL,NULL,NULL,NULL,NULL,NULL,NULL,NULL,84),(15,52,1,NULL,0,NULL,NULL,NULL,NULL,NULL,NULL,NULL,NULL,NULL,NULL,87),(16,51,1,NULL,0,NULL,NULL,NULL,NULL,NULL,NULL,NULL,NULL,NULL,NULL,88),(18,53,1,NULL,0,NULL,NULL,NULL,NULL,NULL,NULL,NULL,NULL,NULL,NULL,90),(19,49,1,NULL,0,NULL,NULL,NULL,NULL,NULL,NULL,NULL,NULL,NULL,NULL,91),(44,53,1,NULL,0,NULL,NULL,NULL,NULL,NULL,NULL,NULL,NULL,NULL,NULL,101),(45,43,1,NULL,0,NULL,NULL,NULL,NULL,NULL,NULL,NULL,NULL,NULL,NULL,89),(46,44,1,NULL,0,NULL,NULL,NULL,NULL,NULL,NULL,NULL,NULL,NULL,NULL,89),(47,46,1,NULL,0,NULL,NULL,NULL,NULL,NULL,NULL,NULL,NULL,NULL,NULL,108);
/*!40000 ALTER TABLE `infrMemberHobby` ENABLE KEYS */;
UNLOCK TABLES;

--
-- Table structure for table `infrMemberJoinQna`
--

DROP TABLE IF EXISTS `infrMemberJoinQna`;
/*!40101 SET @saved_cs_client     = @@character_set_client */;
/*!50503 SET character_set_client = utf8mb4 */;
CREATE TABLE `infrMemberJoinQna` (
  `ifjqSeq` bigint unsigned NOT NULL AUTO_INCREMENT,
  `ifjqQuestionCd` bigint NOT NULL,
  `ifjqAnswer` varchar(50) NOT NULL,
  `ifjqDelNy` tinyint NOT NULL,
  `regIp` varchar(100) DEFAULT NULL,
  `regSeq` bigint DEFAULT NULL,
  `regDevice` tinyint DEFAULT NULL,
  `regDateTime` datetime DEFAULT NULL,
  `regDateTimeSvr` datetime DEFAULT NULL,
  `modIp` varchar(100) DEFAULT NULL,
  `modSeq` bigint DEFAULT NULL,
  `modDevice` tinyint DEFAULT NULL,
  `modDateTime` datetime DEFAULT NULL,
  `modDateTimeSvr` datetime DEFAULT NULL,
  `ifmmSeq` bigint unsigned NOT NULL,
  PRIMARY KEY (`ifjqSeq`),
  KEY `fk_infrMemberEmail_infrMember1_idx` (`ifmmSeq`),
  CONSTRAINT `fk_infrMemberEmail_infrMember1100` FOREIGN KEY (`ifmmSeq`) REFERENCES `infrMember` (`ifmmSeq`)
) ENGINE=InnoDB AUTO_INCREMENT=29 DEFAULT CHARSET=utf8mb3;
/*!40101 SET character_set_client = @saved_cs_client */;

--
-- Dumping data for table `infrMemberJoinQna`
--

LOCK TABLES `infrMemberJoinQna` WRITE;
/*!40000 ALTER TABLE `infrMemberJoinQna` DISABLE KEYS */;
INSERT INTO `infrMemberJoinQna` VALUES (1,62,'관악초등학교',0,NULL,NULL,NULL,'2022-02-08 17:23:06','2022-02-08 17:23:06',NULL,NULL,NULL,'2022-02-08 17:23:06','2022-02-08 17:23:06',1),(2,62,'서초초등학교',0,NULL,NULL,NULL,'2022-02-08 17:23:15','2022-02-08 17:23:15',NULL,NULL,NULL,'2022-02-08 17:23:15','2022-02-08 17:23:15',2),(3,63,'dfasdfa',0,NULL,NULL,NULL,NULL,NULL,NULL,NULL,NULL,NULL,NULL,70),(4,62,'고구마초등학교',0,NULL,NULL,NULL,NULL,NULL,NULL,NULL,NULL,NULL,NULL,71),(5,63,'고구마',0,NULL,NULL,NULL,NULL,NULL,NULL,NULL,NULL,NULL,NULL,72),(6,62,'fasdfas',0,NULL,NULL,NULL,NULL,NULL,NULL,NULL,NULL,NULL,NULL,73),(7,63,'고구마',0,NULL,NULL,NULL,NULL,NULL,NULL,NULL,NULL,NULL,NULL,74),(8,63,'고구마',0,NULL,NULL,NULL,NULL,NULL,NULL,NULL,NULL,NULL,NULL,75),(10,62,'1',0,NULL,NULL,NULL,NULL,NULL,NULL,NULL,NULL,NULL,NULL,77),(11,62,'asfdas',0,NULL,NULL,NULL,NULL,NULL,NULL,NULL,NULL,NULL,NULL,78),(12,62,'sdfasf',0,NULL,NULL,NULL,NULL,NULL,NULL,NULL,NULL,NULL,NULL,79),(14,62,'asdfsdf',0,NULL,NULL,NULL,NULL,NULL,NULL,NULL,NULL,NULL,NULL,81),(15,62,'sdfafds',0,NULL,NULL,NULL,NULL,NULL,NULL,NULL,NULL,NULL,NULL,82),(17,62,'ddd',0,NULL,NULL,NULL,NULL,NULL,NULL,NULL,NULL,NULL,NULL,84),(20,62,'asdf',0,NULL,NULL,NULL,NULL,NULL,NULL,NULL,NULL,NULL,NULL,87),(21,63,'sdfsd',0,NULL,NULL,NULL,NULL,NULL,NULL,NULL,NULL,NULL,NULL,88),(22,62,'sfsd',0,NULL,NULL,NULL,NULL,NULL,NULL,NULL,NULL,NULL,NULL,89),(23,63,'sdfs',0,NULL,NULL,NULL,NULL,NULL,NULL,NULL,NULL,NULL,NULL,90),(24,62,'sfsd',0,NULL,NULL,NULL,NULL,NULL,NULL,NULL,NULL,NULL,NULL,91),(25,62,'sdfsd',0,NULL,NULL,NULL,NULL,NULL,NULL,NULL,NULL,NULL,NULL,99),(26,63,'sfsdf',0,NULL,NULL,NULL,NULL,NULL,NULL,NULL,NULL,NULL,NULL,100),(27,63,'sdfdf',0,NULL,NULL,NULL,NULL,NULL,NULL,NULL,NULL,NULL,NULL,101),(28,62,'s',0,NULL,NULL,NULL,NULL,NULL,NULL,NULL,NULL,NULL,NULL,108);
/*!40000 ALTER TABLE `infrMemberJoinQna` ENABLE KEYS */;
UNLOCK TABLES;

--
-- Table structure for table `infrMemberNationality`
--

DROP TABLE IF EXISTS `infrMemberNationality`;
/*!40101 SET @saved_cs_client     = @@character_set_client */;
/*!50503 SET character_set_client = utf8mb4 */;
CREATE TABLE `infrMemberNationality` (
  `ifmnSeq` bigint unsigned NOT NULL AUTO_INCREMENT,
  `ifmnDefaultNy` tinyint NOT NULL,
  `ifmnDelNy` tinyint NOT NULL,
  `regIp` varchar(100) DEFAULT NULL,
  `regSeq` bigint DEFAULT NULL,
  `regDevice` tinyint DEFAULT NULL,
  `regDateTime` datetime DEFAULT NULL,
  `regDateTimeSvr` datetime DEFAULT NULL,
  `modIp` varchar(100) DEFAULT NULL,
  `modSeq` bigint DEFAULT NULL,
  `modDevice` tinyint DEFAULT NULL,
  `modDateTime` datetime DEFAULT NULL,
  `modDateTimeSvr` datetime DEFAULT NULL,
  `ifnaSeq` bigint unsigned NOT NULL,
  `ifmmSeq` bigint unsigned NOT NULL,
  PRIMARY KEY (`ifmnSeq`),
  KEY `fk_infrMemberNationality_infrNationality1_idx` (`ifnaSeq`),
  KEY `fk_infrMemberNationality_infrMember1_idx` (`ifmmSeq`),
  CONSTRAINT `fk_infrMemberNationality_infrMember1` FOREIGN KEY (`ifmmSeq`) REFERENCES `infrMember` (`ifmmSeq`),
  CONSTRAINT `fk_infrMemberNationality_infrNationality1` FOREIGN KEY (`ifnaSeq`) REFERENCES `infrNationality` (`ifnaSeq`)
) ENGINE=InnoDB AUTO_INCREMENT=34 DEFAULT CHARSET=utf8mb3;
/*!40101 SET character_set_client = @saved_cs_client */;

--
-- Dumping data for table `infrMemberNationality`
--

LOCK TABLES `infrMemberNationality` WRITE;
/*!40000 ALTER TABLE `infrMemberNationality` DISABLE KEYS */;
INSERT INTO `infrMemberNationality` VALUES (1,1,0,NULL,NULL,NULL,'2022-02-08 17:31:37','2022-02-08 17:31:37',NULL,NULL,NULL,'2022-02-08 17:31:37','2022-02-08 17:31:37',1,1),(2,1,0,NULL,NULL,NULL,'2022-02-08 17:31:41','2022-02-08 17:31:41',NULL,NULL,NULL,'2022-02-08 17:31:41','2022-02-08 17:31:41',1,2),(3,0,0,NULL,NULL,NULL,'2022-02-08 17:31:42','2022-02-08 17:31:42',NULL,NULL,NULL,'2022-02-08 17:31:42','2022-02-08 17:31:42',2,2),(4,1,0,NULL,NULL,NULL,NULL,NULL,NULL,NULL,NULL,NULL,NULL,2,66),(5,1,0,NULL,NULL,NULL,NULL,NULL,NULL,NULL,NULL,NULL,NULL,2,67),(6,1,0,NULL,NULL,NULL,NULL,NULL,NULL,NULL,NULL,NULL,NULL,2,68),(7,1,0,NULL,NULL,NULL,NULL,NULL,NULL,NULL,NULL,NULL,NULL,2,69),(8,1,0,NULL,NULL,NULL,NULL,NULL,NULL,NULL,NULL,NULL,NULL,2,70),(9,1,0,NULL,NULL,NULL,NULL,NULL,NULL,NULL,NULL,NULL,NULL,1,71),(10,1,0,NULL,NULL,NULL,NULL,NULL,NULL,NULL,NULL,NULL,NULL,2,72),(11,1,0,NULL,NULL,NULL,NULL,NULL,NULL,NULL,NULL,NULL,NULL,2,73),(12,1,0,NULL,NULL,NULL,NULL,NULL,NULL,NULL,NULL,NULL,NULL,1,74),(13,1,0,NULL,NULL,NULL,NULL,NULL,NULL,NULL,NULL,NULL,NULL,1,75),(15,1,0,NULL,NULL,NULL,NULL,NULL,NULL,NULL,NULL,NULL,NULL,1,77),(16,1,0,NULL,NULL,NULL,NULL,NULL,NULL,NULL,NULL,NULL,NULL,1,78),(17,1,0,NULL,NULL,NULL,NULL,NULL,NULL,NULL,NULL,NULL,NULL,1,79),(19,1,0,NULL,NULL,NULL,NULL,NULL,NULL,NULL,NULL,NULL,NULL,1,81),(20,1,0,NULL,NULL,NULL,NULL,NULL,NULL,NULL,NULL,NULL,NULL,1,82),(22,1,0,NULL,NULL,NULL,NULL,NULL,NULL,NULL,NULL,NULL,NULL,1,84),(25,1,0,NULL,NULL,NULL,NULL,NULL,NULL,NULL,NULL,NULL,NULL,1,87),(26,1,0,NULL,NULL,NULL,NULL,NULL,NULL,NULL,NULL,NULL,NULL,1,88),(27,1,0,NULL,NULL,NULL,NULL,NULL,NULL,NULL,NULL,NULL,NULL,2,89),(28,1,0,NULL,NULL,NULL,NULL,NULL,NULL,NULL,NULL,NULL,NULL,2,90),(29,1,0,NULL,NULL,NULL,NULL,NULL,NULL,NULL,NULL,NULL,NULL,1,91),(30,1,0,NULL,NULL,NULL,NULL,NULL,NULL,NULL,NULL,NULL,NULL,1,99),(31,1,0,NULL,NULL,NULL,NULL,NULL,NULL,NULL,NULL,NULL,NULL,2,100),(32,1,0,NULL,NULL,NULL,NULL,NULL,NULL,NULL,NULL,NULL,NULL,1,101),(33,1,0,NULL,NULL,NULL,NULL,NULL,NULL,NULL,NULL,NULL,NULL,1,108);
/*!40000 ALTER TABLE `infrMemberNationality` ENABLE KEYS */;
UNLOCK TABLES;

--
-- Table structure for table `infrMemberPhone`
--

DROP TABLE IF EXISTS `infrMemberPhone`;
/*!40101 SET @saved_cs_client     = @@character_set_client */;
/*!50503 SET character_set_client = utf8mb4 */;
CREATE TABLE `infrMemberPhone` (
  `ifmpSeq` bigint unsigned NOT NULL AUTO_INCREMENT,
  `ifmpDefaultNy` tinyint NOT NULL,
  `ifmpTypeCd` bigint DEFAULT NULL,
  `ifmpDeviceCd` bigint DEFAULT NULL,
  `ifmpTelecomCd` bigint DEFAULT NULL,
  `ifmpNumber` varchar(50) DEFAULT NULL,
  `ifmpDelNy` tinyint NOT NULL,
  `regIp` varchar(100) DEFAULT NULL,
  `regSeq` bigint DEFAULT NULL,
  `regDevice` tinyint DEFAULT NULL,
  `regDateTime` datetime DEFAULT NULL,
  `regDateTimeSvr` datetime DEFAULT NULL,
  `modIp` varchar(100) DEFAULT NULL,
  `modSeq` bigint DEFAULT NULL,
  `modDevice` tinyint DEFAULT NULL,
  `modDateTime` datetime DEFAULT NULL,
  `modDateTimeSvr` datetime DEFAULT NULL,
  `ifmmSeq` bigint unsigned NOT NULL,
  PRIMARY KEY (`ifmpSeq`),
  KEY `fk_infrMemberEmail_infrMember1_idx` (`ifmmSeq`),
  CONSTRAINT `fk_infrMemberEmail_infrMember10` FOREIGN KEY (`ifmmSeq`) REFERENCES `infrMember` (`ifmmSeq`)
) ENGINE=InnoDB AUTO_INCREMENT=105 DEFAULT CHARSET=utf8mb3;
/*!40101 SET character_set_client = @saved_cs_client */;

--
-- Dumping data for table `infrMemberPhone`
--

LOCK TABLES `infrMemberPhone` WRITE;
/*!40000 ALTER TABLE `infrMemberPhone` DISABLE KEYS */;
INSERT INTO `infrMemberPhone` VALUES (1,1,22,25,28,'01011112222',0,NULL,NULL,NULL,'2022-02-08 17:12:08','2022-02-08 17:12:08',NULL,NULL,NULL,'2022-02-08 17:12:08','2022-02-08 17:12:08',1),(2,1,21,25,28,'01013234622',0,NULL,NULL,NULL,'2022-02-08 17:12:53','2022-02-08 17:12:53',NULL,NULL,NULL,'2022-02-08 17:12:53','2022-02-08 17:12:53',2),(3,0,22,25,29,'01012342622',0,NULL,NULL,NULL,'2022-02-08 17:13:07','2022-02-08 17:13:07',NULL,NULL,NULL,'2022-02-08 17:13:07','2022-02-08 17:13:07',2),(4,1,114,24,NULL,'028308765',0,NULL,NULL,NULL,'2022-03-11 10:13:19','2022-03-11 10:13:19',NULL,NULL,NULL,'2022-03-11 10:13:19','2022-03-11 10:13:19',2),(5,1,22,26,NULL,'0310001111',0,NULL,NULL,NULL,'2022-03-11 11:04:48','2022-03-11 11:04:48',NULL,NULL,NULL,'2022-03-11 11:04:48','2022-03-11 11:04:48',2),(36,1,NULL,25,28,'01012345667',0,NULL,NULL,NULL,NULL,NULL,NULL,NULL,NULL,NULL,NULL,73),(37,1,NULL,24,NULL,'111',0,NULL,NULL,NULL,NULL,NULL,NULL,NULL,NULL,NULL,NULL,73),(38,1,NULL,26,NULL,'222',0,NULL,NULL,NULL,NULL,NULL,NULL,NULL,NULL,NULL,NULL,73),(39,1,NULL,25,28,'12312323123',0,NULL,NULL,NULL,NULL,NULL,NULL,NULL,NULL,NULL,NULL,74),(40,1,NULL,24,NULL,'12312312313',0,NULL,NULL,NULL,NULL,NULL,NULL,NULL,NULL,NULL,NULL,74),(41,1,NULL,26,NULL,'12321321321',0,NULL,NULL,NULL,NULL,NULL,NULL,NULL,NULL,NULL,NULL,74),(42,1,NULL,25,28,'12312323123',0,NULL,NULL,NULL,NULL,NULL,NULL,NULL,NULL,NULL,NULL,75),(43,1,NULL,24,NULL,'12312312313',0,NULL,NULL,NULL,NULL,NULL,NULL,NULL,NULL,NULL,NULL,75),(44,1,NULL,26,NULL,'12321321321',0,NULL,NULL,NULL,NULL,NULL,NULL,NULL,NULL,NULL,NULL,75),(48,1,NULL,25,29,'12312323232',0,NULL,NULL,NULL,NULL,NULL,NULL,NULL,NULL,NULL,NULL,77),(49,1,NULL,24,NULL,'12321311244',0,NULL,NULL,NULL,NULL,NULL,NULL,NULL,NULL,NULL,NULL,77),(50,1,NULL,26,NULL,'23423112342',0,NULL,NULL,NULL,NULL,NULL,NULL,NULL,NULL,NULL,NULL,77),(51,1,NULL,25,28,'11122223333',0,NULL,NULL,NULL,NULL,NULL,NULL,NULL,NULL,NULL,NULL,78),(52,1,NULL,24,NULL,'11122223333',0,NULL,NULL,NULL,NULL,NULL,NULL,NULL,NULL,NULL,NULL,78),(53,1,NULL,26,NULL,'11222333',0,NULL,NULL,NULL,NULL,NULL,NULL,NULL,NULL,NULL,NULL,78),(54,1,NULL,25,28,'11122223333',0,NULL,NULL,NULL,NULL,NULL,NULL,NULL,NULL,NULL,NULL,79),(55,1,NULL,24,NULL,'11122223333',0,NULL,NULL,NULL,NULL,NULL,NULL,NULL,NULL,NULL,NULL,79),(56,1,NULL,26,NULL,'11122223333',0,NULL,NULL,NULL,NULL,NULL,NULL,NULL,NULL,NULL,NULL,79),(60,1,NULL,25,29,'11122223333',0,NULL,NULL,NULL,NULL,NULL,NULL,NULL,NULL,NULL,NULL,81),(61,1,NULL,24,NULL,'12233334444',0,NULL,NULL,NULL,NULL,NULL,NULL,NULL,NULL,NULL,NULL,81),(62,1,NULL,26,NULL,'11122223555',0,NULL,NULL,NULL,NULL,NULL,NULL,NULL,NULL,NULL,NULL,81),(63,1,NULL,25,28,'11122233313',0,NULL,NULL,NULL,NULL,NULL,NULL,NULL,NULL,NULL,NULL,82),(64,1,NULL,24,NULL,'122312312',0,NULL,NULL,NULL,NULL,NULL,NULL,NULL,NULL,NULL,NULL,82),(65,1,NULL,26,NULL,'1233312333',0,NULL,NULL,NULL,NULL,NULL,NULL,NULL,NULL,NULL,NULL,82),(69,1,NULL,25,28,'01011111112',0,NULL,NULL,NULL,NULL,NULL,NULL,NULL,NULL,NULL,NULL,84),(70,1,NULL,24,NULL,'021234567',0,NULL,NULL,NULL,NULL,NULL,NULL,NULL,NULL,NULL,NULL,84),(71,1,NULL,26,NULL,'0000004567',0,NULL,NULL,NULL,NULL,NULL,NULL,NULL,NULL,NULL,NULL,84),(78,1,NULL,25,29,'111',0,NULL,NULL,NULL,NULL,NULL,NULL,NULL,NULL,NULL,NULL,87),(79,1,NULL,24,NULL,'222',0,NULL,NULL,NULL,NULL,NULL,NULL,NULL,NULL,NULL,NULL,87),(80,1,NULL,26,NULL,'3333333',0,NULL,NULL,NULL,NULL,NULL,NULL,NULL,NULL,NULL,NULL,87),(81,1,NULL,25,28,'111',0,NULL,NULL,NULL,NULL,NULL,NULL,NULL,NULL,NULL,NULL,88),(82,1,NULL,24,NULL,'222',0,NULL,NULL,NULL,NULL,NULL,NULL,NULL,NULL,NULL,NULL,88),(83,1,NULL,26,NULL,'3333',0,NULL,NULL,NULL,NULL,NULL,NULL,NULL,NULL,NULL,NULL,88),(84,1,NULL,25,28,'111',0,NULL,NULL,NULL,NULL,NULL,NULL,NULL,NULL,NULL,NULL,89),(85,1,NULL,24,NULL,'222',0,NULL,NULL,NULL,NULL,NULL,NULL,NULL,NULL,NULL,NULL,89),(86,1,NULL,26,NULL,'33333',0,NULL,NULL,NULL,NULL,NULL,NULL,NULL,NULL,NULL,NULL,89),(87,1,NULL,25,28,'111',0,NULL,NULL,NULL,NULL,NULL,NULL,NULL,NULL,NULL,NULL,90),(88,1,NULL,24,NULL,'222',0,NULL,NULL,NULL,NULL,NULL,NULL,NULL,NULL,NULL,NULL,90),(89,1,NULL,26,NULL,'333',0,NULL,NULL,NULL,NULL,NULL,NULL,NULL,NULL,NULL,NULL,90),(90,1,NULL,25,28,'111',0,NULL,NULL,NULL,NULL,NULL,NULL,NULL,NULL,NULL,NULL,91),(91,1,NULL,24,NULL,'222',0,NULL,NULL,NULL,NULL,NULL,NULL,NULL,NULL,NULL,NULL,91),(92,1,NULL,26,NULL,'3333',0,NULL,NULL,NULL,NULL,NULL,NULL,NULL,NULL,NULL,NULL,91),(93,1,NULL,25,30,'111',0,NULL,NULL,NULL,NULL,NULL,NULL,NULL,NULL,NULL,NULL,99),(94,1,NULL,24,NULL,'222',0,NULL,NULL,NULL,NULL,NULL,NULL,NULL,NULL,NULL,NULL,99),(95,1,NULL,26,NULL,'333',0,NULL,NULL,NULL,NULL,NULL,NULL,NULL,NULL,NULL,NULL,99),(96,1,NULL,25,30,'111',0,NULL,NULL,NULL,NULL,NULL,NULL,NULL,NULL,NULL,NULL,100),(97,1,NULL,24,NULL,'222',0,NULL,NULL,NULL,NULL,NULL,NULL,NULL,NULL,NULL,NULL,100),(98,1,NULL,26,NULL,'333',0,NULL,NULL,NULL,NULL,NULL,NULL,NULL,NULL,NULL,NULL,100),(99,1,NULL,25,29,'111',0,NULL,NULL,NULL,NULL,NULL,NULL,NULL,NULL,NULL,NULL,101),(100,1,NULL,24,NULL,'222',0,NULL,NULL,NULL,NULL,NULL,NULL,NULL,NULL,NULL,NULL,101),(101,1,NULL,26,NULL,'33333333',0,NULL,NULL,NULL,NULL,NULL,NULL,NULL,NULL,NULL,NULL,101),(102,1,NULL,25,28,'01011112222',0,NULL,NULL,NULL,NULL,NULL,NULL,NULL,NULL,NULL,NULL,108),(103,1,NULL,24,NULL,'022223333',0,NULL,NULL,NULL,NULL,NULL,NULL,NULL,NULL,NULL,NULL,108),(104,1,NULL,26,NULL,'00000000000',0,NULL,NULL,NULL,NULL,NULL,NULL,NULL,NULL,NULL,NULL,108);
/*!40000 ALTER TABLE `infrMemberPhone` ENABLE KEYS */;
UNLOCK TABLES;

--
-- Table structure for table `infrMemberUploaded`
--

DROP TABLE IF EXISTS `infrMemberUploaded`;
/*!40101 SET @saved_cs_client     = @@character_set_client */;
/*!50503 SET character_set_client = utf8mb4 */;
CREATE TABLE `infrMemberUploaded` (
  `seq` bigint unsigned NOT NULL AUTO_INCREMENT,
  `type` tinyint DEFAULT NULL,
  `defaultNy` tinyint DEFAULT NULL,
  `sort` tinyint DEFAULT NULL,
  `originalName` varchar(100) DEFAULT NULL,
  `uuidName` varchar(100) DEFAULT NULL,
  `ext` varchar(45) DEFAULT NULL,
  `size` bigint DEFAULT NULL,
  `delNy` tinyint NOT NULL,
  `pseq` bigint DEFAULT NULL,
  `regIp` varchar(100) DEFAULT NULL,
  `regSeq` bigint DEFAULT NULL,
  `regDevice` tinyint DEFAULT NULL,
  `regDateTime` datetime DEFAULT NULL,
  `regDateTimeSvr` datetime DEFAULT NULL,
  `modIp` varchar(100) DEFAULT NULL,
  `modSeq` bigint DEFAULT NULL,
  `modDevice` tinyint DEFAULT NULL,
  `modDateTime` datetime DEFAULT NULL,
  `modDateTimeSvr` datetime DEFAULT NULL,
  PRIMARY KEY (`seq`)
) ENGINE=InnoDB AUTO_INCREMENT=15 DEFAULT CHARSET=utf8mb3;
/*!40101 SET character_set_client = @saved_cs_client */;

--
-- Dumping data for table `infrMemberUploaded`
--

LOCK TABLES `infrMemberUploaded` WRITE;
/*!40000 ALTER TABLE `infrMemberUploaded` DISABLE KEYS */;
INSERT INTO `infrMemberUploaded` VALUES (1,0,0,0,'2202142.png','5e2c9b02-35e0-4046-9e5a-b4a181eb40ce.png','png',102879,0,NULL,NULL,NULL,NULL,NULL,NULL,NULL,NULL,NULL,NULL,NULL),(2,0,0,1,'2202143.png','93c12be8-0733-4c5c-b247-0699acb809e1.png','png',20686,0,NULL,NULL,NULL,NULL,NULL,NULL,NULL,NULL,NULL,NULL,NULL),(3,0,0,2,'캡처.PNG','ca9cdc6f-0818-45db-b82f-5bb19b8f9448.PNG','PNG',44215,0,NULL,NULL,NULL,NULL,NULL,NULL,NULL,NULL,NULL,NULL,NULL),(4,0,0,0,'220308-1.PNG','ce90ea93-aa86-4bad-b8a5-7b047d5ea07b.PNG','PNG',7168,0,NULL,NULL,NULL,NULL,NULL,NULL,NULL,NULL,NULL,NULL,NULL),(5,0,0,1,'2202102.PNG','50b0dd0d-afb8-49c0-a42c-47bf7492860a.PNG','PNG',50648,0,NULL,NULL,NULL,NULL,NULL,NULL,NULL,NULL,NULL,NULL,NULL),(6,0,0,2,'2202103.PNG','e79f4ace-8f9e-4322-8085-6b2cb6060bdc.PNG','PNG',67374,0,NULL,NULL,NULL,NULL,NULL,NULL,NULL,NULL,NULL,NULL,NULL),(7,0,0,0,'2202113.PNG','d89bcdcb-1446-4791-95a4-4e18366effb9.PNG','PNG',95591,0,NULL,NULL,NULL,NULL,NULL,NULL,NULL,NULL,NULL,NULL,NULL),(8,0,0,1,'2202114.PNG','2ebc147f-a562-400a-9aa7-b5105c4b2875.PNG','PNG',93616,0,NULL,NULL,NULL,NULL,NULL,NULL,NULL,NULL,NULL,NULL,NULL),(9,0,0,2,'2202142.png','097212d6-f8d1-4630-a9b0-db5a8fc91786.png','png',102879,0,NULL,NULL,NULL,NULL,NULL,NULL,NULL,NULL,NULL,NULL,NULL),(10,0,0,0,'220105_1.PNG','43fb9d7e-41a3-4f77-9a3a-0901fbf77eec.PNG','PNG',14738,0,NULL,NULL,NULL,NULL,NULL,NULL,NULL,NULL,NULL,NULL,NULL),(11,0,0,1,'220105_2.PNG','445a5690-8147-42f4-8dc1-7ed194e48de8.PNG','PNG',47744,0,NULL,NULL,NULL,NULL,NULL,NULL,NULL,NULL,NULL,NULL,NULL),(12,0,0,2,'220105_3.PNG','ac58fc73-36ee-426f-8d09-f066ac01d466.PNG','PNG',39298,0,NULL,NULL,NULL,NULL,NULL,NULL,NULL,NULL,NULL,NULL,NULL),(13,0,0,0,'11.PNG','f917abe1-bdff-4281-9640-8c2db14b21d1.PNG','PNG',5405,0,152,NULL,NULL,NULL,NULL,NULL,NULL,NULL,NULL,NULL,NULL),(14,0,0,1,'12.PNG','4474d42a-9285-4d48-80d6-ec49f25372b3.PNG','PNG',41874,0,152,NULL,NULL,NULL,NULL,NULL,NULL,NULL,NULL,NULL,NULL);
/*!40000 ALTER TABLE `infrMemberUploaded` ENABLE KEYS */;
UNLOCK TABLES;

--
-- Temporary view structure for view `infrMemberView`
--

DROP TABLE IF EXISTS `infrMemberView`;
/*!50001 DROP VIEW IF EXISTS `infrMemberView`*/;
SET @saved_cs_client     = @@character_set_client;
/*!50503 SET character_set_client = utf8mb4 */;
/*!50001 CREATE VIEW `infrMemberView` AS SELECT 
 1 AS `ifmmSeq`,
 1 AS `ifmmId`,
 1 AS `ifmmName`,
 1 AS `ifmmClassificationCd`,
 1 AS `ifmaZipcode`*/;
SET character_set_client = @saved_cs_client;

--
-- Table structure for table `infrMenu`
--

DROP TABLE IF EXISTS `infrMenu`;
/*!40101 SET @saved_cs_client     = @@character_set_client */;
/*!50503 SET character_set_client = utf8mb4 */;
CREATE TABLE `infrMenu` (
  `ifmuSeq` bigint unsigned NOT NULL AUTO_INCREMENT,
  `ifmuAdminNy` tinyint DEFAULT NULL,
  `ifmuName` varchar(50) NOT NULL,
  `ifmuNameEng` varchar(50) DEFAULT NULL,
  `ifmuUrl` varchar(100) DEFAULT NULL,
  `ifmuParents` bigint DEFAULT NULL,
  `ifmuDepth` tinyint DEFAULT NULL COMMENT '단계정보',
  `ifmuUseNy` tinyint DEFAULT NULL,
  `ifmuOrder` tinyint DEFAULT NULL,
  `ifmuDesc` varchar(255) DEFAULT NULL,
  `ifmuDelNy` tinyint NOT NULL,
  `regIp` varchar(100) DEFAULT NULL,
  `regSeq` bigint DEFAULT NULL,
  `regDevice` tinyint DEFAULT NULL,
  `regDateTime` datetime DEFAULT NULL,
  `regDateTimeSvr` datetime DEFAULT NULL,
  `modIp` varchar(100) DEFAULT NULL,
  `modSeq` bigint DEFAULT NULL,
  `modDevice` tinyint DEFAULT NULL,
  `modDateTime` datetime DEFAULT NULL,
  `modDateTimeSvr` datetime DEFAULT NULL,
  PRIMARY KEY (`ifmuSeq`)
) ENGINE=InnoDB DEFAULT CHARSET=utf8mb3;
/*!40101 SET character_set_client = @saved_cs_client */;

--
-- Dumping data for table `infrMenu`
--

LOCK TABLES `infrMenu` WRITE;
/*!40000 ALTER TABLE `infrMenu` DISABLE KEYS */;
/*!40000 ALTER TABLE `infrMenu` ENABLE KEYS */;
UNLOCK TABLES;

--
-- Table structure for table `infrNationality`
--

DROP TABLE IF EXISTS `infrNationality`;
/*!40101 SET @saved_cs_client     = @@character_set_client */;
/*!50503 SET character_set_client = utf8mb4 */;
CREATE TABLE `infrNationality` (
  `ifnaSeq` bigint unsigned NOT NULL AUTO_INCREMENT,
  `ifnaName` varchar(50) DEFAULT NULL,
  `ifnaNameKor` varchar(50) DEFAULT NULL,
  `ifnaNameEng` varchar(50) DEFAULT NULL,
  `ifnaCode2Char` char(2) DEFAULT NULL,
  `ifnaCode3Char` char(3) DEFAULT NULL,
  `ifnaUseNy` tinyint DEFAULT NULL,
  `ifnaOrder` tinyint DEFAULT NULL,
  `ifnaDesc` varchar(255) DEFAULT NULL,
  `ifnaDelNy` tinyint NOT NULL,
  `regIp` varchar(100) DEFAULT NULL,
  `regSeq` bigint DEFAULT NULL,
  `regDevice` tinyint DEFAULT NULL,
  `regDateTime` datetime DEFAULT NULL,
  `regDateTimeSvr` datetime DEFAULT NULL,
  `modIp` varchar(100) DEFAULT NULL,
  `modSeq` bigint DEFAULT NULL,
  `modDevice` tinyint DEFAULT NULL,
  `modDateTime` datetime DEFAULT NULL,
  `modDateTimeSvr` datetime DEFAULT NULL,
  PRIMARY KEY (`ifnaSeq`)
) ENGINE=InnoDB AUTO_INCREMENT=4 DEFAULT CHARSET=utf8mb3;
/*!40101 SET character_set_client = @saved_cs_client */;

--
-- Dumping data for table `infrNationality`
--

LOCK TABLES `infrNationality` WRITE;
/*!40000 ALTER TABLE `infrNationality` DISABLE KEYS */;
INSERT INTO `infrNationality` VALUES (1,'대한민국',NULL,NULL,'KR','KOR',1,1,NULL,0,NULL,NULL,NULL,'2022-02-08 16:25:43','2022-02-08 16:25:43',NULL,NULL,NULL,'2022-02-08 16:25:43','2022-02-08 16:25:43'),(2,'미국',NULL,NULL,'US','USA',1,2,NULL,0,NULL,NULL,NULL,'2022-02-08 16:26:24','2022-02-08 16:26:24',NULL,NULL,NULL,'2022-02-08 16:26:24','2022-02-08 16:26:24'),(3,'캐나다',NULL,NULL,NULL,NULL,1,3,NULL,0,NULL,NULL,NULL,NULL,NULL,NULL,NULL,NULL,NULL,NULL);
/*!40000 ALTER TABLE `infrNationality` ENABLE KEYS */;
UNLOCK TABLES;

--
-- Table structure for table `shmlCategory`
--

DROP TABLE IF EXISTS `shmlCategory`;
/*!40101 SET @saved_cs_client     = @@character_set_client */;
/*!50503 SET character_set_client = utf8mb4 */;
CREATE TABLE `shmlCategory` (
  `shcgSeq` bigint unsigned NOT NULL AUTO_INCREMENT,
  `shcgUseNy` tinyint DEFAULT NULL,
  `shcgName` varchar(100) DEFAULT NULL,
  `shcgParentSeq` bigint DEFAULT NULL,
  `shcgOrder` tinyint DEFAULT NULL,
  `shcgDepth` tinyint DEFAULT NULL,
  `shcgDesc` varchar(255) DEFAULT NULL,
  `DelNy` tinyint NOT NULL,
  `regIp` varchar(100) DEFAULT NULL,
  `regSeq` bigint DEFAULT NULL,
  `regDevice` tinyint DEFAULT NULL,
  `regDateTime` datetime DEFAULT NULL,
  `regDateTimeSvr` datetime DEFAULT NULL,
  `modIp` varchar(100) DEFAULT NULL,
  `modSeq` bigint DEFAULT NULL,
  `modDevice` tinyint DEFAULT NULL,
  `modDateTime` datetime DEFAULT NULL,
  `modDateTimeSvr` datetime DEFAULT NULL,
  PRIMARY KEY (`shcgSeq`)
) ENGINE=InnoDB AUTO_INCREMENT=15 DEFAULT CHARSET=utf8mb3;
/*!40101 SET character_set_client = @saved_cs_client */;

--
-- Dumping data for table `shmlCategory`
--

LOCK TABLES `shmlCategory` WRITE;
/*!40000 ALTER TABLE `shmlCategory` DISABLE KEYS */;
INSERT INTO `shmlCategory` VALUES (1,1,'카테고리',NULL,1,0,NULL,0,NULL,NULL,NULL,'2022-02-23 12:31:09','2022-02-25 10:33:04',NULL,NULL,NULL,'2022-02-23 12:32:19','2022-02-25 10:33:22'),(2,1,'가전',1,1,1,NULL,0,NULL,NULL,NULL,'2022-02-23 12:32:52','2022-02-25 10:33:04',NULL,NULL,NULL,'2022-02-23 12:32:52','2022-02-25 10:33:22'),(3,1,'생활가전',2,1,2,NULL,0,NULL,NULL,NULL,'2022-02-23 12:33:15','2022-02-25 10:33:04',NULL,NULL,NULL,'2022-02-23 12:33:15','2022-02-25 10:33:22'),(4,1,'주방가전',2,2,2,NULL,0,NULL,NULL,NULL,'2022-02-23 12:33:37','2022-02-25 10:33:04',NULL,NULL,NULL,'2022-02-23 12:33:37','2022-02-25 10:33:22'),(5,1,'계절가전',2,3,2,NULL,0,NULL,NULL,NULL,'2022-02-23 12:34:01','2022-02-25 10:33:04',NULL,NULL,NULL,'2022-02-23 12:34:01','2022-02-25 10:33:22'),(6,1,'미용욕실가전',2,4,2,NULL,0,NULL,NULL,NULL,'2022-02-23 12:34:24','2022-02-25 10:33:04',NULL,NULL,NULL,'2022-02-23 12:34:24','2022-02-25 10:33:22'),(7,1,'TV',1,2,1,NULL,0,NULL,NULL,NULL,'2022-02-23 12:35:01','2022-02-25 10:33:04',NULL,NULL,NULL,'2022-02-23 12:35:01','2022-02-25 10:33:22'),(8,1,'TV',7,1,2,NULL,0,NULL,NULL,NULL,'2022-02-23 12:35:26','2022-02-25 10:33:04',NULL,NULL,NULL,'2022-02-23 12:35:26','2022-02-25 10:33:22'),(9,1,'프로젝터/스크린',7,2,2,NULL,0,NULL,NULL,NULL,'2022-02-23 12:35:50','2022-02-25 10:33:04',NULL,NULL,NULL,'2022-02-23 12:35:50','2022-02-25 10:33:22'),(10,1,'홈시어터/오디오',7,3,2,NULL,0,NULL,NULL,NULL,'2022-02-23 12:36:11','2022-02-25 10:33:04',NULL,NULL,NULL,'2022-02-23 12:36:11','2022-02-25 10:33:22'),(11,1,'세탁기',3,1,3,NULL,0,NULL,NULL,NULL,'2022-02-23 12:37:39','2022-02-25 10:33:04',NULL,NULL,NULL,'2022-02-23 12:37:39','2022-02-25 10:33:22'),(12,1,'건조기/의류관리기',3,2,3,NULL,0,NULL,NULL,NULL,'2022-02-23 12:38:03','2022-02-25 10:33:04',NULL,NULL,NULL,'2022-02-23 12:38:03','2022-02-25 10:33:22'),(13,1,'드럼세탁기',11,1,4,NULL,0,NULL,NULL,NULL,'2022-02-23 12:38:35','2022-02-25 10:33:04',NULL,NULL,NULL,'2022-02-23 12:38:35','2022-02-25 10:33:22'),(14,1,'일반세탁기',11,2,4,NULL,0,NULL,NULL,NULL,'2022-02-23 12:39:01','2022-02-25 10:33:04',NULL,NULL,NULL,'2022-02-23 12:39:01','2022-02-25 10:33:22');
/*!40000 ALTER TABLE `shmlCategory` ENABLE KEYS */;
UNLOCK TABLES;

--
-- Table structure for table `shmlCategoryEntry`
--

DROP TABLE IF EXISTS `shmlCategoryEntry`;
/*!40101 SET @saved_cs_client     = @@character_set_client */;
/*!50503 SET character_set_client = utf8mb4 */;
CREATE TABLE `shmlCategoryEntry` (
  `shcgiSeq` bigint unsigned NOT NULL AUTO_INCREMENT,
  `shcgiName` varchar(100) DEFAULT NULL,
  `shcgiUseNy` tinyint DEFAULT NULL,
  `shcgiOrder` int DEFAULT NULL,
  `shcgiDesc` varchar(255) DEFAULT NULL,
  `DelNy` tinyint NOT NULL,
  `regIp` varchar(100) DEFAULT NULL,
  `regSeq` bigint DEFAULT NULL,
  `regDevice` tinyint DEFAULT NULL,
  `regDateTime` datetime DEFAULT NULL,
  `regDateTimeSvr` datetime DEFAULT NULL,
  `modIp` varchar(100) DEFAULT NULL,
  `modSeq` bigint DEFAULT NULL,
  `modDevice` tinyint DEFAULT NULL,
  `modDateTime` datetime DEFAULT NULL,
  `modDateTimeSvr` datetime DEFAULT NULL,
  `shcgSeq` bigint unsigned NOT NULL,
  PRIMARY KEY (`shcgiSeq`),
  KEY `fk_shmlCategoryItem_shmlCategory1_idx` (`shcgSeq`),
  CONSTRAINT `fk_shmlCategoryItem_shmlCategory1` FOREIGN KEY (`shcgSeq`) REFERENCES `shmlCategory` (`shcgSeq`)
) ENGINE=InnoDB AUTO_INCREMENT=13 DEFAULT CHARSET=utf8mb3;
/*!40101 SET character_set_client = @saved_cs_client */;

--
-- Dumping data for table `shmlCategoryEntry`
--

LOCK TABLES `shmlCategoryEntry` WRITE;
/*!40000 ALTER TABLE `shmlCategoryEntry` DISABLE KEYS */;
INSERT INTO `shmlCategoryEntry` VALUES (1,'제조회사',0,1,NULL,0,NULL,NULL,NULL,'2022-02-25 16:22:33','2022-02-25 16:22:33',NULL,NULL,NULL,'2022-02-25 16:22:33','2022-02-25 16:22:33',1),(2,'등록년월',0,2,NULL,0,NULL,NULL,NULL,'2022-02-25 10:34:52','2022-02-25 10:34:52',NULL,NULL,NULL,'2022-02-25 10:35:17','2022-02-25 10:35:17',1),(3,'세탁용량',1,1,NULL,0,NULL,NULL,NULL,'2022-02-25 10:34:52','2022-02-25 10:34:52',NULL,NULL,NULL,'2022-02-25 10:35:17','2022-02-25 10:35:17',14),(4,'에너지',1,2,NULL,0,NULL,NULL,NULL,'2022-02-25 10:34:52','2022-02-25 10:34:52',NULL,NULL,NULL,'2022-02-25 10:35:17','2022-02-25 10:35:17',14),(5,'모터',1,3,NULL,0,NULL,NULL,NULL,'2022-02-25 10:34:52','2022-02-25 10:34:52',NULL,NULL,NULL,'2022-02-25 10:35:17','2022-02-25 10:35:17',11),(6,'방식',1,1,NULL,0,NULL,NULL,NULL,'2022-02-25 10:34:52','2022-02-25 10:34:52',NULL,NULL,NULL,'2022-02-25 10:35:17','2022-02-25 10:35:17',13),(7,'세탁용량',1,2,NULL,0,NULL,NULL,NULL,'2022-02-25 10:34:52','2022-02-25 10:34:52',NULL,NULL,NULL,'2022-02-25 10:35:17','2022-02-25 10:35:17',13),(8,'에너지',1,3,NULL,0,NULL,NULL,NULL,'2022-02-25 10:34:52','2022-02-25 10:34:52',NULL,NULL,NULL,'2022-02-25 10:35:17','2022-02-25 10:35:17',13),(9,'도어디자인',1,4,NULL,0,NULL,NULL,NULL,'2022-02-25 10:34:52','2022-02-25 10:34:52',NULL,NULL,NULL,'2022-02-25 10:35:17','2022-02-25 10:35:17',13),(10,'색상계열',1,5,NULL,0,NULL,NULL,NULL,'2022-02-25 10:34:52','2022-02-25 10:34:52',NULL,NULL,NULL,'2022-02-25 10:35:17','2022-02-25 10:35:17',13),(11,'모터',0,6,NULL,0,NULL,NULL,NULL,'2022-02-25 10:34:52','2022-02-25 10:34:52',NULL,NULL,NULL,'2022-02-25 10:35:17','2022-02-25 10:35:17',13),(12,'컨트롤러',1,7,NULL,0,NULL,NULL,NULL,'2022-02-25 18:32:18','2022-02-25 18:32:18',NULL,NULL,NULL,'2022-02-25 18:32:18','2022-02-25 18:32:18',13);
/*!40000 ALTER TABLE `shmlCategoryEntry` ENABLE KEYS */;
UNLOCK TABLES;

--
-- Table structure for table `shmlItem`
--

DROP TABLE IF EXISTS `shmlItem`;
/*!40101 SET @saved_cs_client     = @@character_set_client */;
/*!50503 SET character_set_client = utf8mb4 */;
CREATE TABLE `shmlItem` (
  `shimSeq` bigint unsigned NOT NULL AUTO_INCREMENT,
  `shimCategory` bigint DEFAULT NULL,
  `shimName` varchar(200) DEFAULT NULL,
  `shimDiscount` int DEFAULT NULL,
  `shimDeliveryDate` int DEFAULT NULL,
  `shimBrandCd` varchar(100) DEFAULT NULL,
  `shimPoint` int DEFAULT NULL COMMENT '적립률',
  `shimMaximum` int DEFAULT NULL COMMENT '최대구매수량',
  `shimOverseasDelivery` tinyint DEFAULT NULL,
  `shimCompany` bigint DEFAULT NULL,
  `shimCertificationCd` bigint DEFAULT NULL,
  `shimItemStateCd` bigint DEFAULT NULL,
  `shimTaxFreeNy` tinyint DEFAULT NULL,
  `shimOriginCd` bigint DEFAULT NULL,
  `DelNy` tinyint NOT NULL,
  `regIp` varchar(100) DEFAULT NULL,
  `regSeq` bigint DEFAULT NULL,
  `regDevice` tinyint DEFAULT NULL,
  `regDateTime` datetime DEFAULT NULL,
  `regDateTimeSvr` datetime DEFAULT NULL,
  `modIp` varchar(100) DEFAULT NULL,
  `modSeq` bigint DEFAULT NULL,
  `modDevice` tinyint DEFAULT NULL,
  `modDateTime` datetime DEFAULT NULL,
  `modDateTimeSvr` datetime DEFAULT NULL,
  PRIMARY KEY (`shimSeq`)
) ENGINE=InnoDB AUTO_INCREMENT=4 DEFAULT CHARSET=utf8mb3;
/*!40101 SET character_set_client = @saved_cs_client */;

--
-- Dumping data for table `shmlItem`
--

LOCK TABLES `shmlItem` WRITE;
/*!40000 ALTER TABLE `shmlItem` DISABLE KEYS */;
INSERT INTO `shmlItem` VALUES (1,13,'LG전자 트롬 F15WQA',NULL,NULL,'107',NULL,NULL,NULL,NULL,NULL,NULL,NULL,NULL,0,NULL,NULL,NULL,'2022-02-25 18:00:32','2022-02-25 18:00:32',NULL,NULL,NULL,'2022-02-25 18:00:32','2022-02-25 18:00:32'),(2,13,'삼성전자 그랑데 WF19T6000KW',NULL,NULL,'108',NULL,NULL,NULL,NULL,NULL,NULL,NULL,NULL,0,NULL,NULL,NULL,'2022-02-25 18:02:11','2022-02-25 18:02:11',NULL,NULL,NULL,'2022-02-25 18:02:11','2022-02-25 18:02:11'),(3,14,'LG전자 통돌이 블랙라벨 플러스 T16MU',NULL,NULL,'107',NULL,NULL,NULL,NULL,NULL,NULL,NULL,NULL,0,NULL,NULL,NULL,'2022-02-25 18:03:05','2022-02-25 18:03:05',NULL,NULL,NULL,'2022-02-25 18:03:05','2022-02-25 18:03:05');
/*!40000 ALTER TABLE `shmlItem` ENABLE KEYS */;
UNLOCK TABLES;

--
-- Table structure for table `shmlItemDesc`
--

DROP TABLE IF EXISTS `shmlItemDesc`;
/*!40101 SET @saved_cs_client     = @@character_set_client */;
/*!50503 SET character_set_client = utf8mb4 */;
CREATE TABLE `shmlItemDesc` (
  `shidSeq` bigint unsigned NOT NULL AUTO_INCREMENT,
  `shidEntryCode` bigint DEFAULT NULL,
  `shidContents` varchar(100) DEFAULT NULL,
  `DelNy` tinyint NOT NULL,
  `regIp` varchar(100) DEFAULT NULL,
  `regSeq` bigint DEFAULT NULL,
  `regDevice` tinyint DEFAULT NULL,
  `regDateTime` datetime DEFAULT NULL,
  `regDateTimeSvr` datetime DEFAULT NULL,
  `modIp` varchar(100) DEFAULT NULL,
  `modSeq` bigint DEFAULT NULL,
  `modDevice` tinyint DEFAULT NULL,
  `modDateTime` datetime DEFAULT NULL,
  `modDateTimeSvr` datetime DEFAULT NULL,
  `shimSeq` bigint unsigned NOT NULL,
  PRIMARY KEY (`shidSeq`),
  KEY `fk_shmlItemCategoryEntry_shmlItem1_idx` (`shimSeq`),
  CONSTRAINT `fk_shmlItemCategoryEntry_shmlItem1` FOREIGN KEY (`shimSeq`) REFERENCES `shmlItem` (`shimSeq`)
) ENGINE=InnoDB AUTO_INCREMENT=16 DEFAULT CHARSET=utf8mb3;
/*!40101 SET character_set_client = @saved_cs_client */;

--
-- Dumping data for table `shmlItemDesc`
--

LOCK TABLES `shmlItemDesc` WRITE;
/*!40000 ALTER TABLE `shmlItemDesc` DISABLE KEYS */;
INSERT INTO `shmlItemDesc` VALUES (1,6,'세탁전용',0,NULL,NULL,NULL,'2022-02-25 18:31:24','2022-02-25 18:31:24',NULL,NULL,NULL,'2022-02-25 18:31:24','2022-02-25 18:31:24',1),(2,7,'15kg',0,NULL,NULL,NULL,'2022-02-25 18:31:24','2022-02-25 18:31:24',NULL,NULL,NULL,'2022-02-25 18:31:24','2022-02-25 18:31:24',1),(3,8,'1등급',0,NULL,NULL,NULL,'2022-02-25 18:31:24','2022-02-25 18:31:24',NULL,NULL,NULL,'2022-02-25 18:31:24','2022-02-25 18:31:24',1),(6,11,'DD인버터',0,NULL,NULL,NULL,'2022-02-25 18:31:24','2022-02-25 18:31:24',NULL,NULL,NULL,'2022-02-25 18:31:24','2022-02-25 18:31:24',1),(7,6,'세탁전용',0,NULL,NULL,NULL,'2022-02-25 18:34:15','2022-02-25 18:34:15',NULL,NULL,NULL,'2022-02-25 18:34:15','2022-02-25 18:34:15',2),(8,7,'19kg',0,NULL,NULL,NULL,'2022-02-25 18:34:15','2022-02-25 18:34:15',NULL,NULL,NULL,'2022-02-25 18:34:15','2022-02-25 18:34:15',2),(9,8,'1등급',0,NULL,NULL,NULL,'2022-02-25 18:34:15','2022-02-25 18:34:15',NULL,NULL,NULL,'2022-02-25 18:34:15','2022-02-25 18:34:15',2),(10,12,'LED디스플레이',0,NULL,NULL,NULL,'2022-02-25 18:34:15','2022-02-25 18:34:15',NULL,NULL,NULL,'2022-02-25 18:34:15','2022-02-25 18:34:15',2),(11,9,'틴트글라스도어',0,NULL,NULL,NULL,'2022-02-25 18:34:15','2022-02-25 18:34:15',NULL,NULL,NULL,'2022-02-25 18:34:15','2022-02-25 18:34:15',2),(12,10,'화이트',0,NULL,NULL,NULL,'2022-02-25 18:34:15','2022-02-25 18:34:15',NULL,NULL,NULL,'2022-02-25 18:34:15','2022-02-25 18:34:15',2),(13,3,'16kg',0,NULL,NULL,NULL,'2022-03-02 10:38:36','2022-03-02 10:38:36',NULL,NULL,NULL,'2022-03-02 10:38:36','2022-03-02 10:38:36',3),(14,4,'2등급',0,NULL,NULL,NULL,'2022-03-02 10:38:36','2022-03-02 10:38:36',NULL,NULL,NULL,'2022-03-02 10:38:36','2022-03-02 10:38:36',3),(15,5,'인버터DD모터',0,NULL,NULL,NULL,'2022-03-02 10:38:36','2022-03-02 10:38:36',NULL,NULL,NULL,'2022-03-02 10:38:36','2022-03-02 10:38:36',3);
/*!40000 ALTER TABLE `shmlItemDesc` ENABLE KEYS */;
UNLOCK TABLES;

--
-- Table structure for table `shmlItemOption`
--

DROP TABLE IF EXISTS `shmlItemOption`;
/*!40101 SET @saved_cs_client     = @@character_set_client */;
/*!50503 SET character_set_client = utf8mb4 */;
CREATE TABLE `shmlItemOption` (
  `shioSeq` bigint unsigned NOT NULL AUTO_INCREMENT,
  `shioOption` varchar(100) DEFAULT NULL,
  `shioPrice` int DEFAULT NULL,
  `DelNy` tinyint NOT NULL,
  `regIp` varchar(100) DEFAULT NULL,
  `regSeq` bigint DEFAULT NULL,
  `regDevice` tinyint DEFAULT NULL,
  `regDateTime` datetime DEFAULT NULL,
  `regDateTimeSvr` datetime DEFAULT NULL,
  `modIp` varchar(100) DEFAULT NULL,
  `modSeq` bigint DEFAULT NULL,
  `modDevice` tinyint DEFAULT NULL,
  `modDateTime` datetime DEFAULT NULL,
  `modDateTimeSvr` datetime DEFAULT NULL,
  `shimSeq` bigint unsigned NOT NULL,
  PRIMARY KEY (`shioSeq`,`shimSeq`),
  KEY `fk_shmlItemOption_shmlItem1_idx` (`shimSeq`),
  CONSTRAINT `fk_shmlItemOption_shmlItem1` FOREIGN KEY (`shimSeq`) REFERENCES `shmlItem` (`shimSeq`)
) ENGINE=InnoDB DEFAULT CHARSET=utf8mb3;
/*!40101 SET character_set_client = @saved_cs_client */;

--
-- Dumping data for table `shmlItemOption`
--

LOCK TABLES `shmlItemOption` WRITE;
/*!40000 ALTER TABLE `shmlItemOption` DISABLE KEYS */;
/*!40000 ALTER TABLE `shmlItemOption` ENABLE KEYS */;
UNLOCK TABLES;

--
-- Table structure for table `shmlPrice`
--

DROP TABLE IF EXISTS `shmlPrice`;
/*!40101 SET @saved_cs_client     = @@character_set_client */;
/*!50503 SET character_set_client = utf8mb4 */;
CREATE TABLE `shmlPrice` (
  `shpcSeq` bigint unsigned NOT NULL AUTO_INCREMENT,
  `shpcPrice` int DEFAULT NULL,
  `shpcDate` date DEFAULT NULL,
  `DelNy` tinyint NOT NULL,
  `regIp` varchar(100) DEFAULT NULL,
  `regSeq` bigint DEFAULT NULL,
  `regDevice` tinyint DEFAULT NULL,
  `regDateTime` datetime DEFAULT NULL,
  `regDateTimeSvr` datetime DEFAULT NULL,
  `modIp` varchar(100) DEFAULT NULL,
  `modSeq` bigint DEFAULT NULL,
  `modDevice` tinyint DEFAULT NULL,
  `modDateTime` datetime DEFAULT NULL,
  `modDateTimeSvr` datetime DEFAULT NULL,
  `shimSeq` bigint unsigned NOT NULL,
  PRIMARY KEY (`shpcSeq`),
  KEY `fk_shmlPrice_shmlItem1_idx` (`shimSeq`),
  CONSTRAINT `fk_shmlPrice_shmlItem1` FOREIGN KEY (`shimSeq`) REFERENCES `shmlItem` (`shimSeq`)
) ENGINE=InnoDB AUTO_INCREMENT=13 DEFAULT CHARSET=utf8mb3;
/*!40101 SET character_set_client = @saved_cs_client */;

--
-- Dumping data for table `shmlPrice`
--

LOCK TABLES `shmlPrice` WRITE;
/*!40000 ALTER TABLE `shmlPrice` DISABLE KEYS */;
INSERT INTO `shmlPrice` VALUES (1,507010,'2022-02-22',0,NULL,NULL,NULL,'2022-02-25 18:11:21','2022-02-25 18:11:21',NULL,NULL,NULL,'2022-02-25 18:11:21','2022-02-25 18:11:21',3),(2,507060,'2022-02-15',0,NULL,NULL,NULL,'2022-02-25 18:11:21','2022-02-25 18:11:21',NULL,NULL,NULL,'2022-02-25 18:11:21','2022-02-25 18:11:21',3),(3,507240,'2022-02-08',0,NULL,NULL,NULL,'2022-02-25 18:11:21','2022-02-25 18:11:21',NULL,NULL,NULL,'2022-02-25 18:11:21','2022-02-25 18:11:21',3),(4,509510,'2022-02-01',0,NULL,NULL,NULL,'2022-02-25 18:11:21','2022-02-25 18:11:21',NULL,NULL,NULL,'2022-02-25 18:11:21','2022-02-25 18:11:21',3),(5,571310,'2022-02-22',0,NULL,NULL,NULL,'2022-02-25 18:12:56','2022-02-25 18:12:56',NULL,NULL,NULL,'2022-02-25 18:12:56','2022-02-25 18:12:56',1),(6,573140,'2022-02-15',0,NULL,NULL,NULL,'2022-02-25 18:12:56','2022-02-25 18:12:56',NULL,NULL,NULL,'2022-02-25 18:12:56','2022-02-25 18:12:56',1),(7,576600,'2022-02-08',0,NULL,NULL,NULL,'2022-02-25 18:12:56','2022-02-25 18:12:56',NULL,NULL,NULL,'2022-02-25 18:12:56','2022-02-25 18:12:56',1),(8,559340,'2022-02-01',0,NULL,NULL,NULL,'2022-02-25 18:12:56','2022-02-25 18:12:56',NULL,NULL,NULL,'2022-02-25 18:12:56','2022-02-25 18:12:56',1),(9,701430,'2022-02-22',0,NULL,NULL,NULL,'2022-02-25 18:14:30','2022-02-25 18:14:30',NULL,NULL,NULL,'2022-02-25 18:14:30','2022-02-25 18:14:30',2),(10,692920,'2022-02-15',0,NULL,NULL,NULL,'2022-02-25 18:14:30','2022-02-25 18:14:30',NULL,NULL,NULL,'2022-02-25 18:14:30','2022-02-25 18:14:30',2),(11,697600,'2022-02-08',0,NULL,NULL,NULL,'2022-02-25 18:14:30','2022-02-25 18:14:30',NULL,NULL,NULL,'2022-02-25 18:14:30','2022-02-25 18:14:30',2),(12,678540,'2022-02-01',0,NULL,NULL,NULL,'2022-02-25 18:14:30','2022-02-25 18:14:30',NULL,NULL,NULL,'2022-02-25 18:14:30','2022-02-25 18:14:30',2);
/*!40000 ALTER TABLE `shmlPrice` ENABLE KEYS */;
UNLOCK TABLES;

--
-- Table structure for table `sns_Info`
--

DROP TABLE IF EXISTS `sns_Info`;
/*!40101 SET @saved_cs_client     = @@character_set_client */;
/*!50503 SET character_set_client = utf8mb4 */;
CREATE TABLE `sns_Info` (
  `seq` bigint unsigned NOT NULL AUTO_INCREMENT,
  `sns_id` varchar(45) DEFAULT NULL,
  `sns_type` varchar(45) DEFAULT NULL,
  `sns_name` varchar(45) DEFAULT NULL,
  `sns_profile` varchar(45) DEFAULT NULL,
  `sns_connecte_date` datetime DEFAULT NULL,
  `DelNy` tinyint NOT NULL,
  `regIp` varchar(100) DEFAULT NULL,
  `regSeq` bigint DEFAULT NULL,
  `regDevice` tinyint DEFAULT NULL,
  `regDateTime` datetime DEFAULT NULL,
  `regDateTimeSvr` datetime DEFAULT NULL,
  `modIp` varchar(100) DEFAULT NULL,
  `modSeq` bigint DEFAULT NULL,
  `modDevice` tinyint DEFAULT NULL,
  `modDateTime` datetime DEFAULT NULL,
  `modDateTimeSvr` datetime DEFAULT NULL,
  `ifmmSeq` bigint unsigned NOT NULL,
  PRIMARY KEY (`seq`),
  KEY `fk_SNS_INFO_infrMember1_idx` (`ifmmSeq`),
  CONSTRAINT `fk_SNS_INFO_infrMember1` FOREIGN KEY (`ifmmSeq`) REFERENCES `infrMember` (`ifmmSeq`)
) ENGINE=InnoDB DEFAULT CHARSET=utf8mb3;
/*!40101 SET character_set_client = @saved_cs_client */;

--
-- Dumping data for table `sns_Info`
--

LOCK TABLES `sns_Info` WRITE;
/*!40000 ALTER TABLE `sns_Info` DISABLE KEYS */;
/*!40000 ALTER TABLE `sns_Info` ENABLE KEYS */;
UNLOCK TABLES;

--
-- Final view structure for view `infrMemberView`
--

/*!50001 DROP VIEW IF EXISTS `infrMemberView`*/;
/*!50001 SET @saved_cs_client          = @@character_set_client */;
/*!50001 SET @saved_cs_results         = @@character_set_results */;
/*!50001 SET @saved_col_connection     = @@collation_connection */;
/*!50001 SET character_set_client      = utf8mb4 */;
/*!50001 SET character_set_results     = utf8mb4 */;
/*!50001 SET collation_connection      = utf8mb4_0900_ai_ci */;
/*!50001 CREATE ALGORITHM=UNDEFINED */
/*!50013 DEFINER=`admin`@`%` SQL SECURITY DEFINER */
/*!50001 VIEW `infrMemberView` AS select `a`.`ifmmSeq` AS `ifmmSeq`,`a`.`ifmmId` AS `ifmmId`,`a`.`ifmmName` AS `ifmmName`,`a`.`ifmmClassificationCd` AS `ifmmClassificationCd`,`b`.`ifmaZipcode` AS `ifmaZipcode` from (`infrMember` `a` left join `infrMemberAddress` `b` on(((`b`.`ifmaDelNy` = 0) and (`b`.`ifmaDefaultNy` = 1) and (`b`.`ifmmSeq` = `a`.`ifmmSeq`)))) */;
/*!50001 SET character_set_client      = @saved_cs_client */;
/*!50001 SET character_set_results     = @saved_cs_results */;
/*!50001 SET collation_connection      = @saved_col_connection */;
/*!40103 SET TIME_ZONE=@OLD_TIME_ZONE */;

/*!40101 SET SQL_MODE=@OLD_SQL_MODE */;
/*!40014 SET FOREIGN_KEY_CHECKS=@OLD_FOREIGN_KEY_CHECKS */;
/*!40014 SET UNIQUE_CHECKS=@OLD_UNIQUE_CHECKS */;
/*!40101 SET CHARACTER_SET_CLIENT=@OLD_CHARACTER_SET_CLIENT */;
/*!40101 SET CHARACTER_SET_RESULTS=@OLD_CHARACTER_SET_RESULTS */;
/*!40101 SET COLLATION_CONNECTION=@OLD_COLLATION_CONNECTION */;
/*!40111 SET SQL_NOTES=@OLD_SQL_NOTES */;

-- Dump completed on 2022-08-08 15:52:02
